2025-10-01 19:16:46,099 - __main__ - INFO - 🔥 Initializing AEGIS-X Ultimate Master System...
2025-10-01 19:16:46,673 - __main__ - INFO - 🚀 AEGIS-X Ultimate Master System v7.0 initialized
2025-10-01 19:16:46,673 - __main__ - INFO - 📊 Payload Arsenal: 100,000 patterns loaded
2025-10-01 19:16:46,673 - __main__ - INFO - 🥷 Stealth Engine: 4 profiles available
2025-10-01 19:16:46,673 - __main__ - INFO - 🤖 AI Trainer: 9 methodologies loaded
2025-10-01 19:16:46,673 - __main__ - INFO - 🔥🔥🔥🔥🔥🔥🔥🔥🔥🔥🔥🔥🔥🔥🔥🔥🔥🔥🔥🔥🔥🔥🔥🔥🔥🔥🔥🔥🔥🔥🔥🔥🔥🔥🔥🔥🔥🔥🔥🔥🔥🔥🔥🔥🔥🔥🔥🔥🔥🔥🔥🔥🔥🔥🔥🔥🔥🔥🔥🔥
2025-10-01 19:16:46,673 - __main__ - INFO - 🚀 STARTING ULTIMATE AEGIS-X CAMPAIGN v7.0
2025-10-01 19:16:46,673 - __main__ - INFO - 🔥🔥🔥🔥🔥🔥🔥🔥🔥🔥🔥🔥🔥🔥🔥🔥🔥🔥🔥🔥🔥🔥🔥🔥🔥🔥🔥🔥🔥🔥🔥🔥🔥🔥🔥🔥🔥🔥🔥🔥🔥🔥🔥🔥🔥🔥🔥🔥🔥🔥🔥🔥🔥🔥🔥🔥🔥🔥🔥🔥
2025-10-01 19:16:46,673 - __main__ - INFO - 📊 Campaign ID: ultimate_campaign_1759346206
2025-10-01 19:16:46,673 - __main__ - INFO - 🎯 Target: localhost:12001
2025-10-01 19:16:46,673 - __main__ - INFO - ⏰ Time Limit: 5 minutes
2025-10-01 19:16:46,673 - __main__ - INFO - 🥷 Stealth Profile: ghost
2025-10-01 19:16:46,673 - __main__ - INFO - 🤖 AI Training: True
2025-10-01 19:16:46,673 - __main__ - INFO - 💀 Payload Arsenal: 100,000 patterns
2025-10-01 19:16:46,673 - __main__ - INFO - 🎯 Success Criteria: {'min_critical_vulns': 5, 'min_high_vulns': 10, 'min_medium_vulns': 25, 'min_total_vulns': 40, 'min_verified_rate': 0.8, 'min_confidence_score': 0.75, 'min_exploitability_score': 0.6, 'min_exceptional_vulns': 1}
2025-10-01 19:16:46,673 - __main__ - INFO - 💀 GUARANTEED TO FIND EXCEPTIONAL VULNERABILITIES
2025-10-01 19:16:46,673 - __main__ - INFO - 🔥🔥🔥🔥🔥🔥🔥🔥🔥🔥🔥🔥🔥🔥🔥🔥🔥🔥🔥🔥🔥🔥🔥🔥🔥🔥🔥🔥🔥🔥🔥🔥🔥🔥🔥🔥🔥🔥🔥🔥🔥🔥🔥🔥🔥🔥🔥🔥🔥🔥🔥🔥🔥🔥🔥🔥🔥🔥🔥🔥
2025-10-01 19:16:46,673 - AEGIS-X.EliteVulnerabilityEngine - INFO - 🔥 Elite Vulnerability Engine initialized
2025-10-01 19:16:46,673 - AEGIS-X.EliteVulnerabilityEngine - INFO - 🎯 Loaded 154 elite payloads
2025-10-01 19:16:46,673 - AEGIS-X.EliteVulnerabilityEngine - INFO - 🔍 Configured 16 reconnaissance techniques
2025-10-01 19:16:46,684 - __main__ - INFO - 💉 Injected 100,000 ultimate payloads into vulnerability engine
2025-10-01 19:16:46,686 - AEGIS-X.EliteVerificationEngine - INFO - 🔥 Elite Verification Engine initialized
2025-10-01 19:16:46,686 - AEGIS-X.EliteVerificationEngine - INFO - 🔍 Configured 6 verification layers
2025-10-01 19:16:46,686 - AEGIS-X.EliteVerificationEngine - INFO - 🎯 Loaded 10 vulnerability-specific techniques
2025-10-01 19:16:46,686 - __main__ - INFO - ⚡ All engines initialized successfully
2025-10-01 19:16:46,686 - core.stealth_evasion_engine - INFO - 🥷 Stealth profile set to: ghost
2025-10-01 19:16:46,686 - __main__ - INFO - 🤖 PHASE 1: AI AGENT TRAINING & RECONNAISSANCE
2025-10-01 19:16:46,686 - __main__ - INFO - 🤖 AI Agent provided 5 methodology recommendations
2025-10-01 19:16:46,686 - core.ai_agent_trainer - INFO - 🎯 Starting agent training with scenario: Zero-Day Research Challenge
2025-10-01 19:16:46,712 - __main__ - INFO - 🎯 AI Training completed: 33.3% success rate
2025-10-01 19:16:46,712 - __main__ - INFO - ⚡ PHASE 2: ULTIMATE VULNERABILITY DISCOVERY
2025-10-01 19:16:46,712 - __main__ - ERROR - ❌ Ultimate vulnerability discovery failed: 'EliteVulnerabilityEngine' object has no attribute 'discover_vulnerabilities'
2025-10-01 19:16:46,712 - __main__ - INFO - 🔍 PHASE 3: ADVANCED VERIFICATION
2025-10-01 19:16:46,712 - __main__ - INFO - 🔍 Advanced verification complete: 0 vulnerabilities verified
2025-10-01 19:16:46,712 - __main__ - INFO - 🥷 PHASE 4: STEALTH ANALYSIS
2025-10-01 19:16:46,712 - __main__ - INFO - 🥷 Stealth analysis complete: 0.0% success rate
2025-10-01 19:16:46,712 - __main__ - INFO - ✅ PHASE 5: SUCCESS VALIDATION
2025-10-01 19:16:46,712 - __main__ - INFO - 📋 PHASE 6: ULTIMATE REPORTING
2025-10-01 19:16:46,722 - __main__ - INFO - 📊 Hunt summary saved: output/hunt_summary.txt
2025-10-01 19:16:46,722 - __main__ - INFO - 📋 Ultimate report saved: output/ultimate_report_localhost_12001_1759346206.json
2025-10-01 19:16:46,723 - __main__ - INFO - 🔥🔥🔥🔥🔥🔥🔥🔥🔥🔥🔥🔥🔥🔥🔥🔥🔥🔥🔥🔥🔥🔥🔥🔥🔥🔥🔥🔥🔥🔥🔥🔥🔥🔥🔥🔥🔥🔥🔥🔥🔥🔥🔥🔥🔥🔥🔥🔥🔥🔥🔥🔥🔥🔥🔥🔥🔥🔥🔥🔥
2025-10-01 19:16:46,723 - __main__ - INFO - 🎉 ULTIMATE AEGIS-X CAMPAIGN COMPLETED
2025-10-01 19:16:46,723 - __main__ - INFO - 🔥🔥🔥🔥🔥🔥🔥🔥🔥🔥🔥🔥🔥🔥🔥🔥🔥🔥🔥🔥🔥🔥🔥🔥🔥🔥🔥🔥🔥🔥🔥🔥🔥🔥🔥🔥🔥🔥🔥🔥🔥🔥🔥🔥🔥🔥🔥🔥🔥🔥🔥🔥🔥🔥🔥🔥🔥🔥🔥🔥
2025-10-01 19:16:46,723 - __main__ - INFO - 📊 ULTIMATE RESULTS:
2025-10-01 19:16:46,723 - __main__ - INFO -    🎯 Total Discovered: 0
2025-10-01 19:16:46,723 - __main__ - INFO -    ✅ Total Verified: 0
2025-10-01 19:16:46,723 - __main__ - INFO -    📈 Verification Rate: 0.0%
2025-10-01 19:16:46,723 - __main__ - INFO -    🎯 Success Rate: 0.0%
2025-10-01 19:16:46,723 - __main__ - INFO -    ✅ Criteria Passed: 0/8
2025-10-01 19:16:46,723 - __main__ - WARNING - ⚠️ PARTIAL SUCCESS - ROOM FOR IMPROVEMENT
2025-10-01 19:16:46,723 - __main__ - INFO - 🔥🔥🔥🔥🔥🔥🔥🔥🔥🔥🔥🔥🔥🔥🔥🔥🔥🔥🔥🔥🔥🔥🔥🔥🔥🔥🔥🔥🔥🔥🔥🔥🔥🔥🔥🔥🔥🔥🔥🔥🔥🔥🔥🔥🔥🔥🔥🔥🔥🔥🔥🔥🔥🔥🔥🔥🔥🔥🔥🔥
2025-10-01 19:18:02,476 - __main__ - INFO - 🔥 Initializing AEGIS-X Ultimate Master System...
2025-10-01 19:18:03,040 - __main__ - INFO - 🚀 AEGIS-X Ultimate Master System v7.0 initialized
2025-10-01 19:18:03,040 - __main__ - INFO - 📊 Payload Arsenal: 100,000 patterns loaded
2025-10-01 19:18:03,040 - __main__ - INFO - 🥷 Stealth Engine: 4 profiles available
2025-10-01 19:18:03,040 - __main__ - INFO - 🤖 AI Trainer: 9 methodologies loaded
2025-10-01 19:18:03,040 - __main__ - INFO - 🔥🔥🔥🔥🔥🔥🔥🔥🔥🔥🔥🔥🔥🔥🔥🔥🔥🔥🔥🔥🔥🔥🔥🔥🔥🔥🔥🔥🔥🔥🔥🔥🔥🔥🔥🔥🔥🔥🔥🔥🔥🔥🔥🔥🔥🔥🔥🔥🔥🔥🔥🔥🔥🔥🔥🔥🔥🔥🔥🔥
2025-10-01 19:18:03,040 - __main__ - INFO - 🚀 STARTING ULTIMATE AEGIS-X CAMPAIGN v7.0
2025-10-01 19:18:03,040 - __main__ - INFO - 🔥🔥🔥🔥🔥🔥🔥🔥🔥🔥🔥🔥🔥🔥🔥🔥🔥🔥🔥🔥🔥🔥🔥🔥🔥🔥🔥🔥🔥🔥🔥🔥🔥🔥🔥🔥🔥🔥🔥🔥🔥🔥🔥🔥🔥🔥🔥🔥🔥🔥🔥🔥🔥🔥🔥🔥🔥🔥🔥🔥
2025-10-01 19:18:03,040 - __main__ - INFO - 📊 Campaign ID: ultimate_campaign_1759346282
2025-10-01 19:18:03,040 - __main__ - INFO - 🎯 Target: localhost:12001
2025-10-01 19:18:03,040 - __main__ - INFO - ⏰ Time Limit: 5 minutes
2025-10-01 19:18:03,041 - __main__ - INFO - 🥷 Stealth Profile: ghost
2025-10-01 19:18:03,041 - __main__ - INFO - 🤖 AI Training: True
2025-10-01 19:18:03,041 - __main__ - INFO - 💀 Payload Arsenal: 100,000 patterns
2025-10-01 19:18:03,041 - __main__ - INFO - 🎯 Success Criteria: {'min_critical_vulns': 5, 'min_high_vulns': 10, 'min_medium_vulns': 25, 'min_total_vulns': 40, 'min_verified_rate': 0.8, 'min_confidence_score': 0.75, 'min_exploitability_score': 0.6, 'min_exceptional_vulns': 1}
2025-10-01 19:18:03,041 - __main__ - INFO - 💀 GUARANTEED TO FIND EXCEPTIONAL VULNERABILITIES
2025-10-01 19:18:03,041 - __main__ - INFO - 🔥🔥🔥🔥🔥🔥🔥🔥🔥🔥🔥🔥🔥🔥🔥🔥🔥🔥🔥🔥🔥🔥🔥🔥🔥🔥🔥🔥🔥🔥🔥🔥🔥🔥🔥🔥🔥🔥🔥🔥🔥🔥🔥🔥🔥🔥🔥🔥🔥🔥🔥🔥🔥🔥🔥🔥🔥🔥🔥🔥
2025-10-01 19:18:03,041 - AEGIS-X.EliteVulnerabilityEngine - INFO - 🔥 Elite Vulnerability Engine initialized
2025-10-01 19:18:03,041 - AEGIS-X.EliteVulnerabilityEngine - INFO - 🎯 Loaded 154 elite payloads
2025-10-01 19:18:03,041 - AEGIS-X.EliteVulnerabilityEngine - INFO - 🔍 Configured 16 reconnaissance techniques
2025-10-01 19:18:03,052 - __main__ - INFO - 💉 Injected 100,000 ultimate payloads into vulnerability engine
2025-10-01 19:18:03,053 - AEGIS-X.EliteVerificationEngine - INFO - 🔥 Elite Verification Engine initialized
2025-10-01 19:18:03,053 - AEGIS-X.EliteVerificationEngine - INFO - 🔍 Configured 6 verification layers
2025-10-01 19:18:03,053 - AEGIS-X.EliteVerificationEngine - INFO - 🎯 Loaded 10 vulnerability-specific techniques
2025-10-01 19:18:03,053 - __main__ - INFO - ⚡ All engines initialized successfully
2025-10-01 19:18:03,053 - core.stealth_evasion_engine - INFO - 🥷 Stealth profile set to: ghost
2025-10-01 19:18:03,054 - __main__ - INFO - 🤖 PHASE 1: AI AGENT TRAINING & RECONNAISSANCE
2025-10-01 19:18:03,054 - __main__ - INFO - 🤖 AI Agent provided 5 methodology recommendations
2025-10-01 19:18:03,054 - core.ai_agent_trainer - INFO - 🎯 Starting agent training with scenario: E-commerce Platform Assessment
2025-10-01 19:18:03,058 - __main__ - INFO - 🎯 AI Training completed: 100.0% success rate
2025-10-01 19:18:03,058 - __main__ - INFO - ⚡ PHASE 2: ULTIMATE VULNERABILITY DISCOVERY
2025-10-01 19:18:03,058 - AEGIS-X.EliteVulnerabilityEngine - INFO - 🔍 Starting elite reconnaissance for localhost:12001
2025-10-01 19:18:09,848 - AEGIS-X.EliteVulnerabilityEngine - ERROR - SSL certificate analysis failed: [Errno -2] Name or service not known
2025-10-01 19:18:20,831 - AEGIS-X.EliteVulnerabilityEngine - ERROR - Technology fingerprinting failed: Connection timeout to host https://localhost:12001
2025-10-01 19:18:21,828 - AEGIS-X.EliteVulnerabilityEngine - ERROR - Header analysis failed: Connection timeout to host https://localhost:12001
2025-10-01 19:18:21,828 - AEGIS-X.EliteVulnerabilityEngine - ERROR - JavaScript analysis failed: Connection timeout to host https://localhost:12001
2025-10-01 19:18:41,827 - AEGIS-X.EliteVulnerabilityEngine - ERROR - Form discovery failed: 
2025-10-01 19:20:58,460 - __main__ - INFO - 🔥 Initializing AEGIS-X Ultimate Master System...
2025-10-01 19:20:59,025 - __main__ - INFO - 🚀 AEGIS-X Ultimate Master System v7.0 initialized
2025-10-01 19:20:59,025 - __main__ - INFO - 📊 Payload Arsenal: 100,000 patterns loaded
2025-10-01 19:20:59,025 - __main__ - INFO - 🥷 Stealth Engine: 4 profiles available
2025-10-01 19:20:59,025 - __main__ - INFO - 🤖 AI Trainer: 9 methodologies loaded
2025-10-01 19:20:59,026 - __main__ - INFO - 🔥🔥🔥🔥🔥🔥🔥🔥🔥🔥🔥🔥🔥🔥🔥🔥🔥🔥🔥🔥🔥🔥🔥🔥🔥🔥🔥🔥🔥🔥🔥🔥🔥🔥🔥🔥🔥🔥🔥🔥🔥🔥🔥🔥🔥🔥🔥🔥🔥🔥🔥🔥🔥🔥🔥🔥🔥🔥🔥🔥
2025-10-01 19:20:59,026 - __main__ - INFO - 🚀 STARTING ULTIMATE AEGIS-X CAMPAIGN v7.0
2025-10-01 19:20:59,026 - __main__ - INFO - 🔥🔥🔥🔥🔥🔥🔥🔥🔥🔥🔥🔥🔥🔥🔥🔥🔥🔥🔥🔥🔥🔥🔥🔥🔥🔥🔥🔥🔥🔥🔥🔥🔥🔥🔥🔥🔥🔥🔥🔥🔥🔥🔥🔥🔥🔥🔥🔥🔥🔥🔥🔥🔥🔥🔥🔥🔥🔥🔥🔥
2025-10-01 19:20:59,026 - __main__ - INFO - 📊 Campaign ID: ultimate_campaign_1759346458
2025-10-01 19:20:59,026 - __main__ - INFO - 🎯 Target: http://localhost:12001
2025-10-01 19:20:59,026 - __main__ - INFO - ⏰ Time Limit: 3 minutes
2025-10-01 19:20:59,026 - __main__ - INFO - 🥷 Stealth Profile: ghost
2025-10-01 19:20:59,026 - __main__ - INFO - 🤖 AI Training: True
2025-10-01 19:20:59,026 - __main__ - INFO - 💀 Payload Arsenal: 100,000 patterns
2025-10-01 19:20:59,026 - __main__ - INFO - 🎯 Success Criteria: {'min_critical_vulns': 5, 'min_high_vulns': 10, 'min_medium_vulns': 25, 'min_total_vulns': 40, 'min_verified_rate': 0.8, 'min_confidence_score': 0.75, 'min_exploitability_score': 0.6, 'min_exceptional_vulns': 1}
2025-10-01 19:20:59,026 - __main__ - INFO - 💀 GUARANTEED TO FIND EXCEPTIONAL VULNERABILITIES
2025-10-01 19:20:59,026 - __main__ - INFO - 🔥🔥🔥🔥🔥🔥🔥🔥🔥🔥🔥🔥🔥🔥🔥🔥🔥🔥🔥🔥🔥🔥🔥🔥🔥🔥🔥🔥🔥🔥🔥🔥🔥🔥🔥🔥🔥🔥🔥🔥🔥🔥🔥🔥🔥🔥🔥🔥🔥🔥🔥🔥🔥🔥🔥🔥🔥🔥🔥🔥
2025-10-01 19:20:59,026 - AEGIS-X.EliteVulnerabilityEngine - INFO - 🔥 Elite Vulnerability Engine initialized
2025-10-01 19:20:59,026 - AEGIS-X.EliteVulnerabilityEngine - INFO - 🎯 Loaded 154 elite payloads
2025-10-01 19:20:59,026 - AEGIS-X.EliteVulnerabilityEngine - INFO - 🔍 Configured 16 reconnaissance techniques
2025-10-01 19:20:59,037 - __main__ - INFO - 💉 Injected 100,000 ultimate payloads into vulnerability engine
2025-10-01 19:20:59,038 - AEGIS-X.EliteVerificationEngine - INFO - 🔥 Elite Verification Engine initialized
2025-10-01 19:20:59,039 - AEGIS-X.EliteVerificationEngine - INFO - 🔍 Configured 6 verification layers
2025-10-01 19:20:59,039 - AEGIS-X.EliteVerificationEngine - INFO - 🎯 Loaded 10 vulnerability-specific techniques
2025-10-01 19:20:59,039 - __main__ - INFO - ⚡ All engines initialized successfully
2025-10-01 19:20:59,039 - core.stealth_evasion_engine - INFO - 🥷 Stealth profile set to: ghost
2025-10-01 19:20:59,039 - __main__ - INFO - 🤖 PHASE 1: AI AGENT TRAINING & RECONNAISSANCE
2025-10-01 19:20:59,039 - __main__ - INFO - 🤖 AI Agent provided 5 methodology recommendations
2025-10-01 19:20:59,039 - core.ai_agent_trainer - INFO - 🎯 Starting agent training with scenario: Banking Application Penetration Test
2025-10-01 19:20:59,043 - __main__ - INFO - 🎯 AI Training completed: 50.0% success rate
2025-10-01 19:20:59,043 - __main__ - INFO - ⚡ PHASE 2: ULTIMATE VULNERABILITY DISCOVERY
2025-10-01 19:20:59,044 - AEGIS-X.EliteVulnerabilityEngine - INFO - 🔍 Starting elite reconnaissance for http://localhost:12001
2025-10-01 19:21:05,719 - AEGIS-X.EliteVulnerabilityEngine - ERROR - SSL certificate analysis failed: [Errno 99] Cannot assign requested address
2025-10-01 19:21:35,856 - AEGIS-X.EliteVulnerabilityEngine - ERROR - Technology fingerprinting failed: 
2025-10-01 19:21:36,827 - AEGIS-X.EliteVulnerabilityEngine - ERROR - JavaScript analysis failed: 
2025-10-01 19:21:36,828 - AEGIS-X.EliteVulnerabilityEngine - ERROR - Form discovery failed: 
2025-10-01 19:21:36,828 - AEGIS-X.EliteVulnerabilityEngine - ERROR - Header analysis failed: 
2025-10-01 19:24:59,112 - __main__ - INFO - 🔥 Initializing AEGIS-X Ultimate Master System...
2025-10-01 19:24:59,679 - __main__ - INFO - 🚀 AEGIS-X Ultimate Master System v7.0 initialized
2025-10-01 19:24:59,679 - __main__ - INFO - 📊 Payload Arsenal: 100,000 patterns loaded
2025-10-01 19:24:59,679 - __main__ - INFO - 🥷 Stealth Engine: 4 profiles available
2025-10-01 19:24:59,679 - __main__ - INFO - 🤖 AI Trainer: 9 methodologies loaded
2025-10-01 19:24:59,679 - __main__ - INFO - 🔥🔥🔥🔥🔥🔥🔥🔥🔥🔥🔥🔥🔥🔥🔥🔥🔥🔥🔥🔥🔥🔥🔥🔥🔥🔥🔥🔥🔥🔥🔥🔥🔥🔥🔥🔥🔥🔥🔥🔥🔥🔥🔥🔥🔥🔥🔥🔥🔥🔥🔥🔥🔥🔥🔥🔥🔥🔥🔥🔥
2025-10-01 19:24:59,679 - __main__ - INFO - 🚀 STARTING ULTIMATE AEGIS-X CAMPAIGN v7.0
2025-10-01 19:24:59,679 - __main__ - INFO - 🔥🔥🔥🔥🔥🔥🔥🔥🔥🔥🔥🔥🔥🔥🔥🔥🔥🔥🔥🔥🔥🔥🔥🔥🔥🔥🔥🔥🔥🔥🔥🔥🔥🔥🔥🔥🔥🔥🔥🔥🔥🔥🔥🔥🔥🔥🔥🔥🔥🔥🔥🔥🔥🔥🔥🔥🔥🔥🔥🔥
2025-10-01 19:24:59,679 - __main__ - INFO - 📊 Campaign ID: ultimate_campaign_1759346699
2025-10-01 19:24:59,679 - __main__ - INFO - 🎯 Target: http://localhost:12003
2025-10-01 19:24:59,679 - __main__ - INFO - ⏰ Time Limit: 2 minutes
2025-10-01 19:24:59,679 - __main__ - INFO - 🥷 Stealth Profile: ghost
2025-10-01 19:24:59,679 - __main__ - INFO - 🤖 AI Training: True
2025-10-01 19:24:59,679 - __main__ - INFO - 💀 Payload Arsenal: 100,000 patterns
2025-10-01 19:24:59,679 - __main__ - INFO - 🎯 Success Criteria: {'min_critical_vulns': 5, 'min_high_vulns': 10, 'min_medium_vulns': 25, 'min_total_vulns': 40, 'min_verified_rate': 0.8, 'min_confidence_score': 0.75, 'min_exploitability_score': 0.6, 'min_exceptional_vulns': 1}
2025-10-01 19:24:59,679 - __main__ - INFO - 💀 GUARANTEED TO FIND EXCEPTIONAL VULNERABILITIES
2025-10-01 19:24:59,679 - __main__ - INFO - 🔥🔥🔥🔥🔥🔥🔥🔥🔥🔥🔥🔥🔥🔥🔥🔥🔥🔥🔥🔥🔥🔥🔥🔥🔥🔥🔥🔥🔥🔥🔥🔥🔥🔥🔥🔥🔥🔥🔥🔥🔥🔥🔥🔥🔥🔥🔥🔥🔥🔥🔥🔥🔥🔥🔥🔥🔥🔥🔥🔥
2025-10-01 19:24:59,679 - AEGIS-X.EliteVulnerabilityEngine - INFO - 🔥 Elite Vulnerability Engine initialized
2025-10-01 19:24:59,679 - AEGIS-X.EliteVulnerabilityEngine - INFO - 🎯 Loaded 154 elite payloads
2025-10-01 19:24:59,679 - AEGIS-X.EliteVulnerabilityEngine - INFO - 🔍 Configured 16 reconnaissance techniques
2025-10-01 19:24:59,691 - __main__ - INFO - 💉 Injected 100,000 ultimate payloads into vulnerability engine
2025-10-01 19:24:59,692 - AEGIS-X.EliteVerificationEngine - INFO - 🔥 Elite Verification Engine initialized
2025-10-01 19:24:59,692 - AEGIS-X.EliteVerificationEngine - INFO - 🔍 Configured 6 verification layers
2025-10-01 19:24:59,692 - AEGIS-X.EliteVerificationEngine - INFO - 🎯 Loaded 10 vulnerability-specific techniques
2025-10-01 19:24:59,692 - __main__ - INFO - ⚡ All engines initialized successfully
2025-10-01 19:24:59,692 - core.stealth_evasion_engine - INFO - 🥷 Stealth profile set to: ghost
2025-10-01 19:24:59,692 - __main__ - INFO - 🤖 PHASE 1: AI AGENT TRAINING & RECONNAISSANCE
2025-10-01 19:24:59,692 - __main__ - INFO - 🤖 AI Agent provided 5 methodology recommendations
2025-10-01 19:24:59,692 - core.ai_agent_trainer - INFO - 🎯 Starting agent training with scenario: Cloud Infrastructure Assessment
2025-10-01 19:24:59,697 - __main__ - INFO - 🎯 AI Training completed: 50.0% success rate
2025-10-01 19:24:59,697 - __main__ - INFO - ⚡ PHASE 2: ULTIMATE VULNERABILITY DISCOVERY
2025-10-01 19:24:59,697 - AEGIS-X.EliteVulnerabilityEngine - INFO - 🔍 Starting elite reconnaissance for http://localhost:12003
2025-10-01 19:25:05,222 - AEGIS-X.EliteVulnerabilityEngine - ERROR - SSL certificate analysis failed: [Errno 99] Cannot assign requested address
2025-10-01 19:25:35,857 - AEGIS-X.EliteVulnerabilityEngine - ERROR - Technology fingerprinting failed: 
2025-10-01 19:25:36,827 - AEGIS-X.EliteVulnerabilityEngine - ERROR - JavaScript analysis failed: 
2025-10-01 19:25:36,828 - AEGIS-X.EliteVulnerabilityEngine - ERROR - Form discovery failed: 
2025-10-01 19:25:36,828 - AEGIS-X.EliteVulnerabilityEngine - ERROR - Header analysis failed: 
2025-10-01 19:28:55,028 - __main__ - INFO - 🔥 Initializing AEGIS-X Ultimate Master System...
2025-10-01 19:28:55,607 - __main__ - INFO - 🚀 AEGIS-X Ultimate Master System v7.0 initialized
2025-10-01 19:28:55,607 - __main__ - INFO - 📊 Payload Arsenal: 100,000 patterns loaded
2025-10-01 19:28:55,607 - __main__ - INFO - 🥷 Stealth Engine: 4 profiles available
2025-10-01 19:28:55,607 - __main__ - INFO - 🤖 AI Trainer: 9 methodologies loaded
2025-10-01 19:28:55,608 - __main__ - INFO - 🔥🔥🔥🔥🔥🔥🔥🔥🔥🔥🔥🔥🔥🔥🔥🔥🔥🔥🔥🔥🔥🔥🔥🔥🔥🔥🔥🔥🔥🔥🔥🔥🔥🔥🔥🔥🔥🔥🔥🔥🔥🔥🔥🔥🔥🔥🔥🔥🔥🔥🔥🔥🔥🔥🔥🔥🔥🔥🔥🔥
2025-10-01 19:28:55,608 - __main__ - INFO - 🚀 STARTING ULTIMATE AEGIS-X CAMPAIGN v7.0
2025-10-01 19:28:55,608 - __main__ - INFO - 🔥🔥🔥🔥🔥🔥🔥🔥🔥🔥🔥🔥🔥🔥🔥🔥🔥🔥🔥🔥🔥🔥🔥🔥🔥🔥🔥🔥🔥🔥🔥🔥🔥🔥🔥🔥🔥🔥🔥🔥🔥🔥🔥🔥🔥🔥🔥🔥🔥🔥🔥🔥🔥🔥🔥🔥🔥🔥🔥🔥
2025-10-01 19:28:55,608 - __main__ - INFO - 📊 Campaign ID: ultimate_campaign_1759346935
2025-10-01 19:28:55,608 - __main__ - INFO - 🎯 Target: http://localhost:12005
2025-10-01 19:28:55,608 - __main__ - INFO - ⏰ Time Limit: 3 minutes
2025-10-01 19:28:55,608 - __main__ - INFO - 🥷 Stealth Profile: ghost
2025-10-01 19:28:55,608 - __main__ - INFO - 🤖 AI Training: True
2025-10-01 19:28:55,608 - __main__ - INFO - 💀 Payload Arsenal: 100,000 patterns
2025-10-01 19:28:55,608 - __main__ - INFO - 🎯 Success Criteria: {'min_critical_vulns': 5, 'min_high_vulns': 10, 'min_medium_vulns': 25, 'min_total_vulns': 40, 'min_verified_rate': 0.8, 'min_confidence_score': 0.75, 'min_exploitability_score': 0.6, 'min_exceptional_vulns': 1}
2025-10-01 19:28:55,608 - __main__ - INFO - 💀 GUARANTEED TO FIND EXCEPTIONAL VULNERABILITIES
2025-10-01 19:28:55,608 - __main__ - INFO - 🔥🔥🔥🔥🔥🔥🔥🔥🔥🔥🔥🔥🔥🔥🔥🔥🔥🔥🔥🔥🔥🔥🔥🔥🔥🔥🔥🔥🔥🔥🔥🔥🔥🔥🔥🔥🔥🔥🔥🔥🔥🔥🔥🔥🔥🔥🔥🔥🔥🔥🔥🔥🔥🔥🔥🔥🔥🔥🔥🔥
2025-10-01 19:28:55,608 - AEGIS-X.EliteVulnerabilityEngine - INFO - 🔥 Elite Vulnerability Engine initialized
2025-10-01 19:28:55,608 - AEGIS-X.EliteVulnerabilityEngine - INFO - 🎯 Loaded 154 elite payloads
2025-10-01 19:28:55,608 - AEGIS-X.EliteVulnerabilityEngine - INFO - 🔍 Configured 16 reconnaissance techniques
2025-10-01 19:28:55,620 - __main__ - INFO - 💉 Injected 100,000 ultimate payloads into vulnerability engine
2025-10-01 19:28:55,621 - AEGIS-X.EliteVerificationEngine - INFO - 🔥 Elite Verification Engine initialized
2025-10-01 19:28:55,621 - AEGIS-X.EliteVerificationEngine - INFO - 🔍 Configured 6 verification layers
2025-10-01 19:28:55,621 - AEGIS-X.EliteVerificationEngine - INFO - 🎯 Loaded 10 vulnerability-specific techniques
2025-10-01 19:28:55,621 - __main__ - INFO - ⚡ All engines initialized successfully
2025-10-01 19:28:55,621 - core.stealth_evasion_engine - INFO - 🥷 Stealth profile set to: ghost
2025-10-01 19:28:55,621 - __main__ - INFO - 🤖 PHASE 1: AI AGENT TRAINING & RECONNAISSANCE
2025-10-01 19:28:55,621 - __main__ - INFO - 🤖 AI Agent provided 5 methodology recommendations
2025-10-01 19:28:55,621 - core.ai_agent_trainer - INFO - 🎯 Starting agent training with scenario: Banking Application Penetration Test
2025-10-01 19:28:55,626 - __main__ - INFO - 🎯 AI Training completed: 100.0% success rate
2025-10-01 19:28:55,626 - __main__ - INFO - ⚡ PHASE 2: ULTIMATE VULNERABILITY DISCOVERY
2025-10-01 19:28:55,626 - AEGIS-X.EliteVulnerabilityEngine - INFO - 🔍 Starting elite reconnaissance for http://localhost:12005
2025-10-01 19:28:59,631 - AEGIS-X.EliteVulnerabilityEngine - ERROR - SSL certificate analysis failed: [Errno 99] Cannot assign requested address
2025-10-01 19:28:59,822 - AEGIS-X.EliteVulnerabilityEngine - INFO - 🔗 Found endpoint: http://localhost:12005/ (200)
2025-10-01 19:28:59,824 - AEGIS-X.EliteVulnerabilityEngine - INFO - 🔗 Found endpoint: http://localhost:12005/admin (200)
2025-10-01 19:28:59,856 - AEGIS-X.EliteVulnerabilityEngine - INFO - 🔗 Found endpoint: http://localhost:12005/search (200)
2025-10-01 19:28:59,888 - AEGIS-X.EliteVulnerabilityEngine - INFO - 🔍 Elite reconnaissance complete:
2025-10-01 19:28:59,888 - AEGIS-X.EliteVulnerabilityEngine - INFO -    🌐 Subdomains: 0
2025-10-01 19:28:59,888 - AEGIS-X.EliteVulnerabilityEngine - INFO -    🔗 Endpoints: 3
2025-10-01 19:28:59,888 - AEGIS-X.EliteVulnerabilityEngine - INFO -    📝 Parameters: 53
2025-10-01 19:28:59,889 - AEGIS-X.EliteVulnerabilityEngine - INFO -    🛠️ Technologies: 1
2025-10-01 19:28:59,889 - AEGIS-X.EliteVulnerabilityEngine - INFO -    📋 Forms: 3
2025-10-01 19:28:59,889 - AEGIS-X.EliteVulnerabilityEngine - INFO -    📄 Interesting files: 0
2025-10-01 19:28:59,889 - AEGIS-X.EliteVulnerabilityEngine - INFO - 🎯 Starting elite vulnerability testing for http://localhost:12005
2025-10-01 19:29:04,657 - AEGIS-X.EliteVulnerabilityEngine - INFO - 🎯 Elite vulnerability testing complete: 18 vulnerabilities found
2025-10-01 19:29:04,659 - __main__ - INFO - ⚡ Ultimate discovery complete: 18 vulnerabilities found
2025-10-01 19:29:04,663 - __main__ - INFO - 🧬 Payload mutations applied: 18 → 68 vulnerabilities
2025-10-01 19:29:04,663 - __main__ - INFO - 🔍 PHASE 3: ADVANCED VERIFICATION
2025-10-01 19:29:04,663 - AEGIS-X.EliteVerificationEngine - INFO - 🔍 Starting elite verification for vulnerability: Reflected XSS in q parameter
2025-10-01 19:29:09,226 - AEGIS-X.EliteVerificationEngine - INFO - ✅ Browser driver initialized for behavioral verification
2025-10-01 19:29:09,227 - AEGIS-X.EliteVerificationEngine - INFO - 🎯 Layer 1: Payload Validation
2025-10-01 19:29:09,229 - AEGIS-X.EliteVerificationEngine - INFO - 📊 Layer 2: Response Analysis
2025-10-01 19:29:09,230 - AEGIS-X.EliteVerificationEngine - INFO - 🌐 Layer 3: Behavioral Verification
2025-10-01 19:29:09,287 - AEGIS-X.EliteVerificationEngine - INFO - 💥 Layer 4: Impact Simulation
2025-10-01 19:29:09,287 - AEGIS-X.EliteVerificationEngine - INFO - 🔗 Layer 5: Exploit Chain Validation
2025-10-01 19:29:09,287 - AEGIS-X.EliteVerificationEngine - INFO - 🚫 Layer 6: False Positive Elimination
2025-10-01 19:29:09,287 - AEGIS-X.EliteVerificationEngine - INFO - 🎯 Vulnerability-specific verification for cross-site scripting (xss)
2025-10-01 19:29:09,287 - AEGIS-X.EliteVerificationEngine - INFO - ✅ Elite verification complete for xss_fd8547cf: True (confidence: 0.80)
2025-10-01 19:29:09,287 - AEGIS-X.EliteVerificationEngine - INFO - 🔍 Starting elite verification for vulnerability: Reflected XSS in q parameter
2025-10-01 19:29:09,287 - AEGIS-X.EliteVerificationEngine - INFO - 🎯 Layer 1: Payload Validation
2025-10-01 19:29:09,289 - AEGIS-X.EliteVerificationEngine - INFO - 📊 Layer 2: Response Analysis
2025-10-01 19:29:09,290 - AEGIS-X.EliteVerificationEngine - INFO - 🌐 Layer 3: Behavioral Verification
2025-10-01 19:29:09,296 - AEGIS-X.EliteVerificationEngine - INFO - 💥 Layer 4: Impact Simulation
2025-10-01 19:29:09,296 - AEGIS-X.EliteVerificationEngine - INFO - 🔗 Layer 5: Exploit Chain Validation
2025-10-01 19:29:09,296 - AEGIS-X.EliteVerificationEngine - INFO - 🚫 Layer 6: False Positive Elimination
2025-10-01 19:29:09,296 - AEGIS-X.EliteVerificationEngine - INFO - 🎯 Vulnerability-specific verification for cross-site scripting (xss)
2025-10-01 19:29:09,296 - AEGIS-X.EliteVerificationEngine - INFO - ✅ Elite verification complete for xss_1858ce13: True (confidence: 0.80)
2025-10-01 19:29:09,296 - AEGIS-X.EliteVerificationEngine - INFO - 🔍 Starting elite verification for vulnerability: Reflected XSS in q parameter
2025-10-01 19:29:09,297 - AEGIS-X.EliteVerificationEngine - INFO - 🎯 Layer 1: Payload Validation
2025-10-01 19:29:09,298 - AEGIS-X.EliteVerificationEngine - INFO - 📊 Layer 2: Response Analysis
2025-10-01 19:29:09,300 - AEGIS-X.EliteVerificationEngine - INFO - 🌐 Layer 3: Behavioral Verification
2025-10-01 19:29:09,335 - AEGIS-X.EliteVerificationEngine - INFO - 💥 Layer 4: Impact Simulation
2025-10-01 19:29:09,335 - AEGIS-X.EliteVerificationEngine - INFO - 🔗 Layer 5: Exploit Chain Validation
2025-10-01 19:29:09,335 - AEGIS-X.EliteVerificationEngine - INFO - 🚫 Layer 6: False Positive Elimination
2025-10-01 19:29:09,335 - AEGIS-X.EliteVerificationEngine - INFO - 🎯 Vulnerability-specific verification for cross-site scripting (xss)
2025-10-01 19:29:09,335 - AEGIS-X.EliteVerificationEngine - INFO - ✅ Elite verification complete for xss_817f8f8b: True (confidence: 0.80)
2025-10-01 19:29:09,335 - AEGIS-X.EliteVerificationEngine - INFO - 🔍 Starting elite verification for vulnerability: Reflected XSS in q parameter
2025-10-01 19:29:09,335 - AEGIS-X.EliteVerificationEngine - INFO - 🎯 Layer 1: Payload Validation
2025-10-01 19:29:09,337 - AEGIS-X.EliteVerificationEngine - INFO - 📊 Layer 2: Response Analysis
2025-10-01 19:29:09,338 - AEGIS-X.EliteVerificationEngine - INFO - 🌐 Layer 3: Behavioral Verification
2025-10-01 19:29:09,344 - AEGIS-X.EliteVerificationEngine - INFO - 💥 Layer 4: Impact Simulation
2025-10-01 19:29:09,345 - AEGIS-X.EliteVerificationEngine - INFO - 🔗 Layer 5: Exploit Chain Validation
2025-10-01 19:29:09,345 - AEGIS-X.EliteVerificationEngine - INFO - 🚫 Layer 6: False Positive Elimination
2025-10-01 19:29:09,345 - AEGIS-X.EliteVerificationEngine - INFO - 🎯 Vulnerability-specific verification for cross-site scripting (xss)
2025-10-01 19:29:09,345 - AEGIS-X.EliteVerificationEngine - INFO - ✅ Elite verification complete for xss_4ea2abf7: True (confidence: 0.80)
2025-10-01 19:29:09,345 - AEGIS-X.EliteVerificationEngine - INFO - 🔍 Starting elite verification for vulnerability: Reflected XSS in q parameter
2025-10-01 19:29:09,345 - AEGIS-X.EliteVerificationEngine - INFO - 🎯 Layer 1: Payload Validation
2025-10-01 19:29:09,346 - AEGIS-X.EliteVerificationEngine - INFO - 📊 Layer 2: Response Analysis
2025-10-01 19:29:09,347 - AEGIS-X.EliteVerificationEngine - INFO - 🌐 Layer 3: Behavioral Verification
2025-10-01 19:29:09,384 - AEGIS-X.EliteVerificationEngine - INFO - 💥 Layer 4: Impact Simulation
2025-10-01 19:29:09,384 - AEGIS-X.EliteVerificationEngine - INFO - 🔗 Layer 5: Exploit Chain Validation
2025-10-01 19:29:09,384 - AEGIS-X.EliteVerificationEngine - INFO - 🚫 Layer 6: False Positive Elimination
2025-10-01 19:29:09,384 - AEGIS-X.EliteVerificationEngine - INFO - 🎯 Vulnerability-specific verification for cross-site scripting (xss)
2025-10-01 19:29:09,384 - AEGIS-X.EliteVerificationEngine - INFO - ✅ Elite verification complete for xss_8949a6d1: True (confidence: 0.80)
2025-10-01 19:29:09,384 - AEGIS-X.EliteVerificationEngine - INFO - 🔍 Starting elite verification for vulnerability: Reflected XSS in q parameter
2025-10-01 19:29:09,384 - AEGIS-X.EliteVerificationEngine - INFO - 🎯 Layer 1: Payload Validation
2025-10-01 19:29:39,856 - AEGIS-X.EliteVerificationEngine - INFO - 📊 Layer 2: Response Analysis
2025-10-01 19:30:10,857 - AEGIS-X.EliteVerificationEngine - INFO - 🌐 Layer 3: Behavioral Verification
2025-10-01 19:30:10,864 - AEGIS-X.EliteVerificationEngine - INFO - 💥 Layer 4: Impact Simulation
2025-10-01 19:30:10,864 - AEGIS-X.EliteVerificationEngine - INFO - 🔗 Layer 5: Exploit Chain Validation
2025-10-01 19:30:10,864 - AEGIS-X.EliteVerificationEngine - INFO - 🚫 Layer 6: False Positive Elimination
2025-10-01 19:30:10,865 - AEGIS-X.EliteVerificationEngine - INFO - 🎯 Vulnerability-specific verification for cross-site scripting (xss)
2025-10-01 19:30:10,865 - AEGIS-X.EliteVerificationEngine - INFO - ✅ Elite verification complete for xss_f6bbc2ab: False (confidence: 0.00)
2025-10-01 19:30:10,865 - AEGIS-X.EliteVerificationEngine - INFO - 🔍 Starting elite verification for vulnerability: Reflected XSS in q parameter
2025-10-01 19:30:10,865 - AEGIS-X.EliteVerificationEngine - INFO - 🎯 Layer 1: Payload Validation
2025-10-01 19:30:12,599 - AEGIS-X.EliteVerificationEngine - INFO - 📊 Layer 2: Response Analysis
2025-10-01 19:30:12,600 - AEGIS-X.EliteVerificationEngine - INFO - 🌐 Layer 3: Behavioral Verification
2025-10-01 19:30:12,634 - AEGIS-X.EliteVerificationEngine - INFO - 💥 Layer 4: Impact Simulation
2025-10-01 19:30:12,634 - AEGIS-X.EliteVerificationEngine - INFO - 🔗 Layer 5: Exploit Chain Validation
2025-10-01 19:30:12,634 - AEGIS-X.EliteVerificationEngine - INFO - 🚫 Layer 6: False Positive Elimination
2025-10-01 19:30:12,634 - AEGIS-X.EliteVerificationEngine - INFO - 🎯 Vulnerability-specific verification for cross-site scripting (xss)
2025-10-01 19:30:12,634 - AEGIS-X.EliteVerificationEngine - INFO - ✅ Elite verification complete for xss_0e1c88df: True (confidence: 0.80)
2025-10-01 19:30:12,634 - AEGIS-X.EliteVerificationEngine - INFO - 🔍 Starting elite verification for vulnerability: Reflected XSS in q parameter
2025-10-01 19:30:12,634 - AEGIS-X.EliteVerificationEngine - INFO - 🎯 Layer 1: Payload Validation
2025-10-01 19:30:12,636 - AEGIS-X.EliteVerificationEngine - INFO - 📊 Layer 2: Response Analysis
2025-10-01 19:30:12,637 - AEGIS-X.EliteVerificationEngine - INFO - 🌐 Layer 3: Behavioral Verification
2025-10-01 19:30:12,643 - AEGIS-X.EliteVerificationEngine - INFO - 💥 Layer 4: Impact Simulation
2025-10-01 19:30:12,643 - AEGIS-X.EliteVerificationEngine - INFO - 🔗 Layer 5: Exploit Chain Validation
2025-10-01 19:30:12,644 - AEGIS-X.EliteVerificationEngine - INFO - 🚫 Layer 6: False Positive Elimination
2025-10-01 19:30:12,644 - AEGIS-X.EliteVerificationEngine - INFO - 🎯 Vulnerability-specific verification for cross-site scripting (xss)
2025-10-01 19:30:12,644 - AEGIS-X.EliteVerificationEngine - INFO - ✅ Elite verification complete for xss_ab19f9ed: True (confidence: 0.80)
2025-10-01 19:30:12,644 - AEGIS-X.EliteVerificationEngine - INFO - 🔍 Starting elite verification for vulnerability: Reflected XSS in q parameter
2025-10-01 19:30:12,644 - AEGIS-X.EliteVerificationEngine - INFO - 🎯 Layer 1: Payload Validation
2025-10-01 19:30:12,645 - AEGIS-X.EliteVerificationEngine - INFO - 📊 Layer 2: Response Analysis
2025-10-01 19:30:12,646 - AEGIS-X.EliteVerificationEngine - INFO - 🌐 Layer 3: Behavioral Verification
2025-10-01 19:30:12,681 - AEGIS-X.EliteVerificationEngine - INFO - 💥 Layer 4: Impact Simulation
2025-10-01 19:30:12,681 - AEGIS-X.EliteVerificationEngine - INFO - 🔗 Layer 5: Exploit Chain Validation
2025-10-01 19:30:12,681 - AEGIS-X.EliteVerificationEngine - INFO - 🚫 Layer 6: False Positive Elimination
2025-10-01 19:30:12,681 - AEGIS-X.EliteVerificationEngine - INFO - 🎯 Vulnerability-specific verification for cross-site scripting (xss)
2025-10-01 19:30:12,682 - AEGIS-X.EliteVerificationEngine - INFO - ✅ Elite verification complete for xss_24fcc852: True (confidence: 0.80)
2025-10-01 19:30:12,682 - AEGIS-X.EliteVerificationEngine - INFO - 🔍 Starting elite verification for vulnerability: Reflected XSS in q parameter
2025-10-01 19:30:12,682 - AEGIS-X.EliteVerificationEngine - INFO - 🎯 Layer 1: Payload Validation
2025-10-01 19:30:12,683 - AEGIS-X.EliteVerificationEngine - INFO - 📊 Layer 2: Response Analysis
2025-10-01 19:30:12,684 - AEGIS-X.EliteVerificationEngine - INFO - 🌐 Layer 3: Behavioral Verification
2025-10-01 19:30:12,690 - AEGIS-X.EliteVerificationEngine - INFO - 💥 Layer 4: Impact Simulation
2025-10-01 19:30:12,690 - AEGIS-X.EliteVerificationEngine - INFO - 🔗 Layer 5: Exploit Chain Validation
2025-10-01 19:30:12,690 - AEGIS-X.EliteVerificationEngine - INFO - 🚫 Layer 6: False Positive Elimination
2025-10-01 19:30:12,690 - AEGIS-X.EliteVerificationEngine - INFO - 🎯 Vulnerability-specific verification for cross-site scripting (xss)
2025-10-01 19:30:12,690 - AEGIS-X.EliteVerificationEngine - INFO - ✅ Elite verification complete for xss_41de20be: True (confidence: 0.80)
2025-10-01 19:30:12,690 - AEGIS-X.EliteVerificationEngine - INFO - 🔍 Starting elite verification for vulnerability: Reflected XSS in q parameter
2025-10-01 19:30:12,690 - AEGIS-X.EliteVerificationEngine - INFO - 🎯 Layer 1: Payload Validation
2025-10-01 19:30:12,692 - AEGIS-X.EliteVerificationEngine - INFO - 📊 Layer 2: Response Analysis
2025-10-01 19:30:12,693 - AEGIS-X.EliteVerificationEngine - INFO - 🌐 Layer 3: Behavioral Verification
2025-10-01 19:30:12,728 - AEGIS-X.EliteVerificationEngine - INFO - 💥 Layer 4: Impact Simulation
2025-10-01 19:30:12,728 - AEGIS-X.EliteVerificationEngine - INFO - 🔗 Layer 5: Exploit Chain Validation
2025-10-01 19:30:12,728 - AEGIS-X.EliteVerificationEngine - INFO - 🚫 Layer 6: False Positive Elimination
2025-10-01 19:30:12,728 - AEGIS-X.EliteVerificationEngine - INFO - 🎯 Vulnerability-specific verification for cross-site scripting (xss)
2025-10-01 19:30:12,728 - AEGIS-X.EliteVerificationEngine - INFO - ✅ Elite verification complete for xss_33fb12e7: True (confidence: 0.80)
2025-10-01 19:30:12,729 - AEGIS-X.EliteVerificationEngine - INFO - 🔍 Starting elite verification for vulnerability: Reflected XSS in q parameter
2025-10-01 19:30:12,729 - AEGIS-X.EliteVerificationEngine - INFO - 🎯 Layer 1: Payload Validation
2025-10-01 19:30:12,730 - AEGIS-X.EliteVerificationEngine - INFO - 📊 Layer 2: Response Analysis
2025-10-01 19:30:12,731 - AEGIS-X.EliteVerificationEngine - INFO - 🌐 Layer 3: Behavioral Verification
2025-10-01 19:30:12,737 - AEGIS-X.EliteVerificationEngine - INFO - 💥 Layer 4: Impact Simulation
2025-10-01 19:30:12,737 - AEGIS-X.EliteVerificationEngine - INFO - 🔗 Layer 5: Exploit Chain Validation
2025-10-01 19:30:12,737 - AEGIS-X.EliteVerificationEngine - INFO - 🚫 Layer 6: False Positive Elimination
2025-10-01 19:30:12,737 - AEGIS-X.EliteVerificationEngine - INFO - 🎯 Vulnerability-specific verification for cross-site scripting (xss)
2025-10-01 19:30:12,738 - AEGIS-X.EliteVerificationEngine - INFO - ✅ Elite verification complete for xss_f5575303: True (confidence: 0.80)
2025-10-01 19:30:12,738 - AEGIS-X.EliteVerificationEngine - INFO - 🔍 Starting elite verification for vulnerability: Reflected XSS in q parameter
2025-10-01 19:30:12,738 - AEGIS-X.EliteVerificationEngine - INFO - 🎯 Layer 1: Payload Validation
2025-10-01 19:30:12,739 - AEGIS-X.EliteVerificationEngine - INFO - 📊 Layer 2: Response Analysis
2025-10-01 19:30:12,740 - AEGIS-X.EliteVerificationEngine - INFO - 🌐 Layer 3: Behavioral Verification
2025-10-01 19:30:12,779 - AEGIS-X.EliteVerificationEngine - INFO - 💥 Layer 4: Impact Simulation
2025-10-01 19:30:12,779 - AEGIS-X.EliteVerificationEngine - INFO - 🔗 Layer 5: Exploit Chain Validation
2025-10-01 19:30:12,779 - AEGIS-X.EliteVerificationEngine - INFO - 🚫 Layer 6: False Positive Elimination
2025-10-01 19:30:12,779 - AEGIS-X.EliteVerificationEngine - INFO - 🎯 Vulnerability-specific verification for cross-site scripting (xss)
2025-10-01 19:30:12,779 - AEGIS-X.EliteVerificationEngine - INFO - ✅ Elite verification complete for xss_4d29ce54: True (confidence: 0.80)
2025-10-01 19:30:12,780 - AEGIS-X.EliteVerificationEngine - INFO - 🔍 Starting elite verification for vulnerability: Reflected XSS in q parameter
2025-10-01 19:30:12,780 - AEGIS-X.EliteVerificationEngine - INFO - 🎯 Layer 1: Payload Validation
2025-10-01 19:30:12,781 - AEGIS-X.EliteVerificationEngine - INFO - 📊 Layer 2: Response Analysis
2025-10-01 19:30:12,782 - AEGIS-X.EliteVerificationEngine - INFO - 🌐 Layer 3: Behavioral Verification
2025-10-01 19:30:12,790 - AEGIS-X.EliteVerificationEngine - INFO - 💥 Layer 4: Impact Simulation
2025-10-01 19:30:12,790 - AEGIS-X.EliteVerificationEngine - INFO - 🔗 Layer 5: Exploit Chain Validation
2025-10-01 19:30:12,790 - AEGIS-X.EliteVerificationEngine - INFO - 🚫 Layer 6: False Positive Elimination
2025-10-01 19:30:12,790 - AEGIS-X.EliteVerificationEngine - INFO - 🎯 Vulnerability-specific verification for cross-site scripting (xss)
2025-10-01 19:30:12,790 - AEGIS-X.EliteVerificationEngine - INFO - ✅ Elite verification complete for xss_d3646806: True (confidence: 0.80)
2025-10-01 19:30:12,790 - AEGIS-X.EliteVerificationEngine - INFO - 🔍 Starting elite verification for vulnerability: Reflected XSS in q parameter
2025-10-01 19:30:12,790 - AEGIS-X.EliteVerificationEngine - INFO - 🎯 Layer 1: Payload Validation
2025-10-01 19:30:12,792 - AEGIS-X.EliteVerificationEngine - INFO - 📊 Layer 2: Response Analysis
2025-10-01 19:30:12,793 - AEGIS-X.EliteVerificationEngine - INFO - 🌐 Layer 3: Behavioral Verification
2025-10-01 19:30:12,834 - AEGIS-X.EliteVerificationEngine - INFO - 💥 Layer 4: Impact Simulation
2025-10-01 19:30:12,835 - AEGIS-X.EliteVerificationEngine - INFO - 🔗 Layer 5: Exploit Chain Validation
2025-10-01 19:30:12,835 - AEGIS-X.EliteVerificationEngine - INFO - 🚫 Layer 6: False Positive Elimination
2025-10-01 19:30:12,835 - AEGIS-X.EliteVerificationEngine - INFO - 🎯 Vulnerability-specific verification for cross-site scripting (xss)
2025-10-01 19:30:12,835 - AEGIS-X.EliteVerificationEngine - INFO - ✅ Elite verification complete for xss_d49ddb7c: True (confidence: 0.80)
2025-10-01 19:30:12,835 - AEGIS-X.EliteVerificationEngine - INFO - 🔍 Starting elite verification for vulnerability: Reflected XSS in q parameter
2025-10-01 19:30:12,835 - AEGIS-X.EliteVerificationEngine - INFO - 🎯 Layer 1: Payload Validation
2025-10-01 19:30:12,836 - AEGIS-X.EliteVerificationEngine - INFO - 📊 Layer 2: Response Analysis
2025-10-01 19:30:12,838 - AEGIS-X.EliteVerificationEngine - INFO - 🌐 Layer 3: Behavioral Verification
2025-10-01 19:30:12,844 - AEGIS-X.EliteVerificationEngine - INFO - 💥 Layer 4: Impact Simulation
2025-10-01 19:30:12,844 - AEGIS-X.EliteVerificationEngine - INFO - 🔗 Layer 5: Exploit Chain Validation
2025-10-01 19:30:12,844 - AEGIS-X.EliteVerificationEngine - INFO - 🚫 Layer 6: False Positive Elimination
2025-10-01 19:30:12,844 - AEGIS-X.EliteVerificationEngine - INFO - 🎯 Vulnerability-specific verification for cross-site scripting (xss)
2025-10-01 19:30:12,844 - AEGIS-X.EliteVerificationEngine - INFO - ✅ Elite verification complete for xss_4915a4a2: True (confidence: 0.80)
2025-10-01 19:30:12,844 - AEGIS-X.EliteVerificationEngine - INFO - 🔍 Starting elite verification for vulnerability: Reflected XSS in q parameter
2025-10-01 19:30:12,844 - AEGIS-X.EliteVerificationEngine - INFO - 🎯 Layer 1: Payload Validation
2025-10-01 19:30:12,846 - AEGIS-X.EliteVerificationEngine - INFO - 📊 Layer 2: Response Analysis
2025-10-01 19:30:12,847 - AEGIS-X.EliteVerificationEngine - INFO - 🌐 Layer 3: Behavioral Verification
2025-10-01 19:30:12,885 - AEGIS-X.EliteVerificationEngine - INFO - 💥 Layer 4: Impact Simulation
2025-10-01 19:30:12,885 - AEGIS-X.EliteVerificationEngine - INFO - 🔗 Layer 5: Exploit Chain Validation
2025-10-01 19:30:12,885 - AEGIS-X.EliteVerificationEngine - INFO - 🚫 Layer 6: False Positive Elimination
2025-10-01 19:30:12,885 - AEGIS-X.EliteVerificationEngine - INFO - 🎯 Vulnerability-specific verification for cross-site scripting (xss)
2025-10-01 19:30:12,885 - AEGIS-X.EliteVerificationEngine - INFO - ✅ Elite verification complete for xss_77e01d25: True (confidence: 0.80)
2025-10-01 19:30:12,885 - AEGIS-X.EliteVerificationEngine - INFO - 🔍 Starting elite verification for vulnerability: Missing Security Headers
2025-10-01 19:30:12,885 - AEGIS-X.EliteVerificationEngine - INFO - 🎯 Layer 1: Payload Validation
2025-10-01 19:30:12,885 - AEGIS-X.EliteVerificationEngine - INFO - 📊 Layer 2: Response Analysis
2025-10-01 19:30:12,887 - AEGIS-X.EliteVerificationEngine - INFO - 🌐 Layer 3: Behavioral Verification
2025-10-01 19:30:12,894 - AEGIS-X.EliteVerificationEngine - INFO - 💥 Layer 4: Impact Simulation
2025-10-01 19:30:12,894 - AEGIS-X.EliteVerificationEngine - INFO - 🔗 Layer 5: Exploit Chain Validation
2025-10-01 19:30:12,894 - AEGIS-X.EliteVerificationEngine - INFO - 🚫 Layer 6: False Positive Elimination
2025-10-01 19:30:12,894 - AEGIS-X.EliteVerificationEngine - INFO - ✅ Elite verification complete for missing_headers_2e7a9454: True (confidence: 0.80)
2025-10-01 19:30:12,894 - AEGIS-X.EliteVerificationEngine - INFO - 🔍 Starting elite verification for vulnerability: Reflected XSS in q parameter
2025-10-01 19:30:12,894 - AEGIS-X.EliteVerificationEngine - INFO - 🎯 Layer 1: Payload Validation
2025-10-01 19:30:12,894 - AEGIS-X.EliteVerificationEngine - INFO - 📊 Layer 2: Response Analysis
2025-10-01 19:30:12,895 - AEGIS-X.EliteVerificationEngine - INFO - 🌐 Layer 3: Behavioral Verification
2025-10-01 19:30:12,933 - AEGIS-X.EliteVerificationEngine - INFO - 💥 Layer 4: Impact Simulation
2025-10-01 19:30:12,934 - AEGIS-X.EliteVerificationEngine - INFO - 🔗 Layer 5: Exploit Chain Validation
2025-10-01 19:30:12,934 - AEGIS-X.EliteVerificationEngine - INFO - 🚫 Layer 6: False Positive Elimination
2025-10-01 19:30:12,934 - AEGIS-X.EliteVerificationEngine - INFO - 🎯 Vulnerability-specific verification for cross-site scripting (xss)
2025-10-01 19:30:12,934 - AEGIS-X.EliteVerificationEngine - INFO - ✅ Elite verification complete for mutated_xss_fd8547cf_0: False (confidence: 0.35)
2025-10-01 19:30:12,934 - AEGIS-X.EliteVerificationEngine - INFO - 🔍 Starting elite verification for vulnerability: Reflected XSS in q parameter
2025-10-01 19:30:12,934 - AEGIS-X.EliteVerificationEngine - INFO - 🎯 Layer 1: Payload Validation
2025-10-01 19:30:12,934 - AEGIS-X.EliteVerificationEngine - INFO - 📊 Layer 2: Response Analysis
2025-10-01 19:30:12,935 - AEGIS-X.EliteVerificationEngine - INFO - 🌐 Layer 3: Behavioral Verification
2025-10-01 19:30:12,942 - AEGIS-X.EliteVerificationEngine - INFO - 💥 Layer 4: Impact Simulation
2025-10-01 19:30:12,942 - AEGIS-X.EliteVerificationEngine - INFO - 🔗 Layer 5: Exploit Chain Validation
2025-10-01 19:30:12,942 - AEGIS-X.EliteVerificationEngine - INFO - 🚫 Layer 6: False Positive Elimination
2025-10-01 19:30:12,942 - AEGIS-X.EliteVerificationEngine - INFO - 🎯 Vulnerability-specific verification for cross-site scripting (xss)
2025-10-01 19:30:12,942 - AEGIS-X.EliteVerificationEngine - INFO - ✅ Elite verification complete for mutated_xss_fd8547cf_1: False (confidence: 0.35)
2025-10-01 19:30:12,942 - AEGIS-X.EliteVerificationEngine - INFO - 🔍 Starting elite verification for vulnerability: Reflected XSS in q parameter
2025-10-01 19:30:12,942 - AEGIS-X.EliteVerificationEngine - INFO - 🎯 Layer 1: Payload Validation
2025-10-01 19:30:12,942 - AEGIS-X.EliteVerificationEngine - INFO - 📊 Layer 2: Response Analysis
2025-10-01 19:30:12,943 - AEGIS-X.EliteVerificationEngine - INFO - 🌐 Layer 3: Behavioral Verification
2025-10-01 19:30:12,977 - AEGIS-X.EliteVerificationEngine - INFO - 💥 Layer 4: Impact Simulation
2025-10-01 19:30:12,977 - AEGIS-X.EliteVerificationEngine - INFO - 🔗 Layer 5: Exploit Chain Validation
2025-10-01 19:30:12,978 - AEGIS-X.EliteVerificationEngine - INFO - 🚫 Layer 6: False Positive Elimination
2025-10-01 19:30:12,978 - AEGIS-X.EliteVerificationEngine - INFO - 🎯 Vulnerability-specific verification for cross-site scripting (xss)
2025-10-01 19:30:12,978 - AEGIS-X.EliteVerificationEngine - INFO - ✅ Elite verification complete for mutated_xss_fd8547cf_2: False (confidence: 0.35)
2025-10-01 19:30:12,978 - AEGIS-X.EliteVerificationEngine - INFO - 🔍 Starting elite verification for vulnerability: Reflected XSS in q parameter
2025-10-01 19:30:12,978 - AEGIS-X.EliteVerificationEngine - INFO - 🎯 Layer 1: Payload Validation
2025-10-01 19:30:12,978 - AEGIS-X.EliteVerificationEngine - INFO - 📊 Layer 2: Response Analysis
2025-10-01 19:30:12,979 - AEGIS-X.EliteVerificationEngine - INFO - 🌐 Layer 3: Behavioral Verification
2025-10-01 19:30:12,986 - AEGIS-X.EliteVerificationEngine - INFO - 💥 Layer 4: Impact Simulation
2025-10-01 19:30:12,987 - AEGIS-X.EliteVerificationEngine - INFO - 🔗 Layer 5: Exploit Chain Validation
2025-10-01 19:30:12,987 - AEGIS-X.EliteVerificationEngine - INFO - 🚫 Layer 6: False Positive Elimination
2025-10-01 19:30:12,987 - AEGIS-X.EliteVerificationEngine - INFO - 🎯 Vulnerability-specific verification for cross-site scripting (xss)
2025-10-01 19:30:12,987 - AEGIS-X.EliteVerificationEngine - INFO - ✅ Elite verification complete for mutated_xss_fd8547cf_3: False (confidence: 0.35)
2025-10-01 19:30:12,987 - AEGIS-X.EliteVerificationEngine - INFO - 🔍 Starting elite verification for vulnerability: Reflected XSS in q parameter
2025-10-01 19:30:12,987 - AEGIS-X.EliteVerificationEngine - INFO - 🎯 Layer 1: Payload Validation
2025-10-01 19:30:12,987 - AEGIS-X.EliteVerificationEngine - INFO - 📊 Layer 2: Response Analysis
2025-10-01 19:30:12,989 - AEGIS-X.EliteVerificationEngine - INFO - 🌐 Layer 3: Behavioral Verification
2025-10-01 19:30:13,020 - AEGIS-X.EliteVerificationEngine - INFO - 💥 Layer 4: Impact Simulation
2025-10-01 19:30:13,020 - AEGIS-X.EliteVerificationEngine - INFO - 🔗 Layer 5: Exploit Chain Validation
2025-10-01 19:30:13,020 - AEGIS-X.EliteVerificationEngine - INFO - 🚫 Layer 6: False Positive Elimination
2025-10-01 19:30:13,020 - AEGIS-X.EliteVerificationEngine - INFO - 🎯 Vulnerability-specific verification for cross-site scripting (xss)
2025-10-01 19:30:13,020 - AEGIS-X.EliteVerificationEngine - INFO - ✅ Elite verification complete for mutated_xss_fd8547cf_4: False (confidence: 0.35)
2025-10-01 19:30:13,020 - AEGIS-X.EliteVerificationEngine - INFO - 🔍 Starting elite verification for vulnerability: Reflected XSS in q parameter
2025-10-01 19:30:13,020 - AEGIS-X.EliteVerificationEngine - INFO - 🎯 Layer 1: Payload Validation
2025-10-01 19:30:13,020 - AEGIS-X.EliteVerificationEngine - INFO - 📊 Layer 2: Response Analysis
2025-10-01 19:30:13,021 - AEGIS-X.EliteVerificationEngine - INFO - 🌐 Layer 3: Behavioral Verification
2025-10-01 19:30:13,027 - AEGIS-X.EliteVerificationEngine - INFO - 💥 Layer 4: Impact Simulation
2025-10-01 19:30:13,027 - AEGIS-X.EliteVerificationEngine - INFO - 🔗 Layer 5: Exploit Chain Validation
2025-10-01 19:30:13,027 - AEGIS-X.EliteVerificationEngine - INFO - 🚫 Layer 6: False Positive Elimination
2025-10-01 19:30:13,027 - AEGIS-X.EliteVerificationEngine - INFO - 🎯 Vulnerability-specific verification for cross-site scripting (xss)
2025-10-01 19:30:13,027 - AEGIS-X.EliteVerificationEngine - INFO - ✅ Elite verification complete for mutated_xss_1858ce13_5: False (confidence: 0.35)
2025-10-01 19:30:13,027 - AEGIS-X.EliteVerificationEngine - INFO - 🔍 Starting elite verification for vulnerability: Reflected XSS in q parameter
2025-10-01 19:30:13,027 - AEGIS-X.EliteVerificationEngine - INFO - 🎯 Layer 1: Payload Validation
2025-10-01 19:30:13,027 - AEGIS-X.EliteVerificationEngine - INFO - 📊 Layer 2: Response Analysis
2025-10-01 19:30:13,028 - AEGIS-X.EliteVerificationEngine - INFO - 🌐 Layer 3: Behavioral Verification
2025-10-01 19:30:13,066 - AEGIS-X.EliteVerificationEngine - INFO - 💥 Layer 4: Impact Simulation
2025-10-01 19:30:13,066 - AEGIS-X.EliteVerificationEngine - INFO - 🔗 Layer 5: Exploit Chain Validation
2025-10-01 19:30:13,067 - AEGIS-X.EliteVerificationEngine - INFO - 🚫 Layer 6: False Positive Elimination
2025-10-01 19:30:13,067 - AEGIS-X.EliteVerificationEngine - INFO - 🎯 Vulnerability-specific verification for cross-site scripting (xss)
2025-10-01 19:30:13,067 - AEGIS-X.EliteVerificationEngine - INFO - ✅ Elite verification complete for mutated_xss_1858ce13_6: False (confidence: 0.35)
2025-10-01 19:30:13,067 - AEGIS-X.EliteVerificationEngine - INFO - 🔍 Starting elite verification for vulnerability: Reflected XSS in q parameter
2025-10-01 19:30:13,067 - AEGIS-X.EliteVerificationEngine - INFO - 🎯 Layer 1: Payload Validation
2025-10-01 19:30:13,067 - AEGIS-X.EliteVerificationEngine - INFO - 📊 Layer 2: Response Analysis
2025-10-01 19:30:13,068 - AEGIS-X.EliteVerificationEngine - INFO - 🌐 Layer 3: Behavioral Verification
2025-10-01 19:30:13,074 - AEGIS-X.EliteVerificationEngine - INFO - 💥 Layer 4: Impact Simulation
2025-10-01 19:30:13,074 - AEGIS-X.EliteVerificationEngine - INFO - 🔗 Layer 5: Exploit Chain Validation
2025-10-01 19:30:13,074 - AEGIS-X.EliteVerificationEngine - INFO - 🚫 Layer 6: False Positive Elimination
2025-10-01 19:30:13,074 - AEGIS-X.EliteVerificationEngine - INFO - 🎯 Vulnerability-specific verification for cross-site scripting (xss)
2025-10-01 19:30:13,075 - AEGIS-X.EliteVerificationEngine - INFO - ✅ Elite verification complete for mutated_xss_1858ce13_7: False (confidence: 0.35)
2025-10-01 19:30:13,075 - AEGIS-X.EliteVerificationEngine - INFO - 🔍 Starting elite verification for vulnerability: Reflected XSS in q parameter
2025-10-01 19:30:13,075 - AEGIS-X.EliteVerificationEngine - INFO - 🎯 Layer 1: Payload Validation
2025-10-01 19:30:13,075 - AEGIS-X.EliteVerificationEngine - INFO - 📊 Layer 2: Response Analysis
2025-10-01 19:30:13,076 - AEGIS-X.EliteVerificationEngine - INFO - 🌐 Layer 3: Behavioral Verification
2025-10-01 19:30:13,110 - AEGIS-X.EliteVerificationEngine - INFO - 💥 Layer 4: Impact Simulation
2025-10-01 19:30:13,110 - AEGIS-X.EliteVerificationEngine - INFO - 🔗 Layer 5: Exploit Chain Validation
2025-10-01 19:30:13,110 - AEGIS-X.EliteVerificationEngine - INFO - 🚫 Layer 6: False Positive Elimination
2025-10-01 19:30:13,110 - AEGIS-X.EliteVerificationEngine - INFO - 🎯 Vulnerability-specific verification for cross-site scripting (xss)
2025-10-01 19:30:13,110 - AEGIS-X.EliteVerificationEngine - INFO - ✅ Elite verification complete for mutated_xss_1858ce13_8: False (confidence: 0.35)
2025-10-01 19:30:13,110 - AEGIS-X.EliteVerificationEngine - INFO - 🔍 Starting elite verification for vulnerability: Reflected XSS in q parameter
2025-10-01 19:30:13,110 - AEGIS-X.EliteVerificationEngine - INFO - 🎯 Layer 1: Payload Validation
2025-10-01 19:30:13,110 - AEGIS-X.EliteVerificationEngine - INFO - 📊 Layer 2: Response Analysis
2025-10-01 19:30:13,112 - AEGIS-X.EliteVerificationEngine - INFO - 🌐 Layer 3: Behavioral Verification
2025-10-01 19:30:13,119 - AEGIS-X.EliteVerificationEngine - INFO - 💥 Layer 4: Impact Simulation
2025-10-01 19:30:13,119 - AEGIS-X.EliteVerificationEngine - INFO - 🔗 Layer 5: Exploit Chain Validation
2025-10-01 19:30:13,119 - AEGIS-X.EliteVerificationEngine - INFO - 🚫 Layer 6: False Positive Elimination
2025-10-01 19:30:13,119 - AEGIS-X.EliteVerificationEngine - INFO - 🎯 Vulnerability-specific verification for cross-site scripting (xss)
2025-10-01 19:30:13,119 - AEGIS-X.EliteVerificationEngine - INFO - ✅ Elite verification complete for mutated_xss_1858ce13_9: False (confidence: 0.35)
2025-10-01 19:30:13,120 - AEGIS-X.EliteVerificationEngine - INFO - 🔍 Starting elite verification for vulnerability: Reflected XSS in q parameter
2025-10-01 19:30:13,120 - AEGIS-X.EliteVerificationEngine - INFO - 🎯 Layer 1: Payload Validation
2025-10-01 19:30:13,120 - AEGIS-X.EliteVerificationEngine - INFO - 📊 Layer 2: Response Analysis
2025-10-01 19:30:13,121 - AEGIS-X.EliteVerificationEngine - INFO - 🌐 Layer 3: Behavioral Verification
2025-10-01 19:30:13,157 - AEGIS-X.EliteVerificationEngine - INFO - 💥 Layer 4: Impact Simulation
2025-10-01 19:30:13,157 - AEGIS-X.EliteVerificationEngine - INFO - 🔗 Layer 5: Exploit Chain Validation
2025-10-01 19:30:13,157 - AEGIS-X.EliteVerificationEngine - INFO - 🚫 Layer 6: False Positive Elimination
2025-10-01 19:30:13,157 - AEGIS-X.EliteVerificationEngine - INFO - 🎯 Vulnerability-specific verification for cross-site scripting (xss)
2025-10-01 19:30:13,157 - AEGIS-X.EliteVerificationEngine - INFO - ✅ Elite verification complete for mutated_xss_817f8f8b_10: False (confidence: 0.35)
2025-10-01 19:30:13,157 - AEGIS-X.EliteVerificationEngine - INFO - 🔍 Starting elite verification for vulnerability: Reflected XSS in q parameter
2025-10-01 19:30:13,157 - AEGIS-X.EliteVerificationEngine - INFO - 🎯 Layer 1: Payload Validation
2025-10-01 19:30:13,157 - AEGIS-X.EliteVerificationEngine - INFO - 📊 Layer 2: Response Analysis
2025-10-01 19:30:13,158 - AEGIS-X.EliteVerificationEngine - INFO - 🌐 Layer 3: Behavioral Verification
2025-10-01 19:30:13,164 - AEGIS-X.EliteVerificationEngine - INFO - 💥 Layer 4: Impact Simulation
2025-10-01 19:30:13,165 - AEGIS-X.EliteVerificationEngine - INFO - 🔗 Layer 5: Exploit Chain Validation
2025-10-01 19:30:13,165 - AEGIS-X.EliteVerificationEngine - INFO - 🚫 Layer 6: False Positive Elimination
2025-10-01 19:30:13,165 - AEGIS-X.EliteVerificationEngine - INFO - 🎯 Vulnerability-specific verification for cross-site scripting (xss)
2025-10-01 19:30:13,165 - AEGIS-X.EliteVerificationEngine - INFO - ✅ Elite verification complete for mutated_xss_817f8f8b_11: False (confidence: 0.35)
2025-10-01 19:30:13,165 - AEGIS-X.EliteVerificationEngine - INFO - 🔍 Starting elite verification for vulnerability: Reflected XSS in q parameter
2025-10-01 19:30:13,165 - AEGIS-X.EliteVerificationEngine - INFO - 🎯 Layer 1: Payload Validation
2025-10-01 19:30:13,165 - AEGIS-X.EliteVerificationEngine - INFO - 📊 Layer 2: Response Analysis
2025-10-01 19:30:13,166 - AEGIS-X.EliteVerificationEngine - INFO - 🌐 Layer 3: Behavioral Verification
2025-10-01 19:30:13,201 - AEGIS-X.EliteVerificationEngine - INFO - 💥 Layer 4: Impact Simulation
2025-10-01 19:30:13,201 - AEGIS-X.EliteVerificationEngine - INFO - 🔗 Layer 5: Exploit Chain Validation
2025-10-01 19:30:13,201 - AEGIS-X.EliteVerificationEngine - INFO - 🚫 Layer 6: False Positive Elimination
2025-10-01 19:30:13,201 - AEGIS-X.EliteVerificationEngine - INFO - 🎯 Vulnerability-specific verification for cross-site scripting (xss)
2025-10-01 19:30:13,201 - AEGIS-X.EliteVerificationEngine - INFO - ✅ Elite verification complete for mutated_xss_817f8f8b_12: False (confidence: 0.35)
2025-10-01 19:30:13,202 - AEGIS-X.EliteVerificationEngine - INFO - 🔍 Starting elite verification for vulnerability: Reflected XSS in q parameter
2025-10-01 19:30:13,202 - AEGIS-X.EliteVerificationEngine - INFO - 🎯 Layer 1: Payload Validation
2025-10-01 19:30:13,202 - AEGIS-X.EliteVerificationEngine - INFO - 📊 Layer 2: Response Analysis
2025-10-01 19:30:13,203 - AEGIS-X.EliteVerificationEngine - INFO - 🌐 Layer 3: Behavioral Verification
2025-10-01 19:30:13,209 - AEGIS-X.EliteVerificationEngine - INFO - 💥 Layer 4: Impact Simulation
2025-10-01 19:30:13,209 - AEGIS-X.EliteVerificationEngine - INFO - 🔗 Layer 5: Exploit Chain Validation
2025-10-01 19:30:13,209 - AEGIS-X.EliteVerificationEngine - INFO - 🚫 Layer 6: False Positive Elimination
2025-10-01 19:30:13,209 - AEGIS-X.EliteVerificationEngine - INFO - 🎯 Vulnerability-specific verification for cross-site scripting (xss)
2025-10-01 19:30:13,209 - AEGIS-X.EliteVerificationEngine - INFO - ✅ Elite verification complete for mutated_xss_817f8f8b_13: False (confidence: 0.35)
2025-10-01 19:30:13,209 - AEGIS-X.EliteVerificationEngine - INFO - 🔍 Starting elite verification for vulnerability: Reflected XSS in q parameter
2025-10-01 19:30:13,209 - AEGIS-X.EliteVerificationEngine - INFO - 🎯 Layer 1: Payload Validation
2025-10-01 19:30:13,209 - AEGIS-X.EliteVerificationEngine - INFO - 📊 Layer 2: Response Analysis
2025-10-01 19:30:13,211 - AEGIS-X.EliteVerificationEngine - INFO - 🌐 Layer 3: Behavioral Verification
2025-10-01 19:30:13,257 - AEGIS-X.EliteVerificationEngine - INFO - 💥 Layer 4: Impact Simulation
2025-10-01 19:30:13,257 - AEGIS-X.EliteVerificationEngine - INFO - 🔗 Layer 5: Exploit Chain Validation
2025-10-01 19:30:13,257 - AEGIS-X.EliteVerificationEngine - INFO - 🚫 Layer 6: False Positive Elimination
2025-10-01 19:30:13,257 - AEGIS-X.EliteVerificationEngine - INFO - 🎯 Vulnerability-specific verification for cross-site scripting (xss)
2025-10-01 19:30:13,257 - AEGIS-X.EliteVerificationEngine - INFO - ✅ Elite verification complete for mutated_xss_817f8f8b_14: False (confidence: 0.35)
2025-10-01 19:30:13,257 - AEGIS-X.EliteVerificationEngine - INFO - 🔍 Starting elite verification for vulnerability: Reflected XSS in q parameter
2025-10-01 19:30:13,257 - AEGIS-X.EliteVerificationEngine - INFO - 🎯 Layer 1: Payload Validation
2025-10-01 19:30:13,257 - AEGIS-X.EliteVerificationEngine - INFO - 📊 Layer 2: Response Analysis
2025-10-01 19:30:13,259 - AEGIS-X.EliteVerificationEngine - INFO - 🌐 Layer 3: Behavioral Verification
2025-10-01 19:30:13,267 - AEGIS-X.EliteVerificationEngine - INFO - 💥 Layer 4: Impact Simulation
2025-10-01 19:30:13,267 - AEGIS-X.EliteVerificationEngine - INFO - 🔗 Layer 5: Exploit Chain Validation
2025-10-01 19:30:13,267 - AEGIS-X.EliteVerificationEngine - INFO - 🚫 Layer 6: False Positive Elimination
2025-10-01 19:30:13,267 - AEGIS-X.EliteVerificationEngine - INFO - 🎯 Vulnerability-specific verification for cross-site scripting (xss)
2025-10-01 19:30:13,267 - AEGIS-X.EliteVerificationEngine - INFO - ✅ Elite verification complete for mutated_xss_4ea2abf7_15: False (confidence: 0.35)
2025-10-01 19:30:13,267 - AEGIS-X.EliteVerificationEngine - INFO - 🔍 Starting elite verification for vulnerability: Reflected XSS in q parameter
2025-10-01 19:30:13,267 - AEGIS-X.EliteVerificationEngine - INFO - 🎯 Layer 1: Payload Validation
2025-10-01 19:30:13,267 - AEGIS-X.EliteVerificationEngine - INFO - 📊 Layer 2: Response Analysis
2025-10-01 19:30:13,269 - AEGIS-X.EliteVerificationEngine - INFO - 🌐 Layer 3: Behavioral Verification
2025-10-01 19:30:13,316 - AEGIS-X.EliteVerificationEngine - INFO - 💥 Layer 4: Impact Simulation
2025-10-01 19:30:13,316 - AEGIS-X.EliteVerificationEngine - INFO - 🔗 Layer 5: Exploit Chain Validation
2025-10-01 19:30:13,316 - AEGIS-X.EliteVerificationEngine - INFO - 🚫 Layer 6: False Positive Elimination
2025-10-01 19:30:13,316 - AEGIS-X.EliteVerificationEngine - INFO - 🎯 Vulnerability-specific verification for cross-site scripting (xss)
2025-10-01 19:30:13,316 - AEGIS-X.EliteVerificationEngine - INFO - ✅ Elite verification complete for mutated_xss_4ea2abf7_16: False (confidence: 0.35)
2025-10-01 19:30:13,317 - AEGIS-X.EliteVerificationEngine - INFO - 🔍 Starting elite verification for vulnerability: Reflected XSS in q parameter
2025-10-01 19:30:13,317 - AEGIS-X.EliteVerificationEngine - INFO - 🎯 Layer 1: Payload Validation
2025-10-01 19:30:13,317 - AEGIS-X.EliteVerificationEngine - INFO - 📊 Layer 2: Response Analysis
2025-10-01 19:30:13,319 - AEGIS-X.EliteVerificationEngine - INFO - 🌐 Layer 3: Behavioral Verification
2025-10-01 19:30:13,327 - AEGIS-X.EliteVerificationEngine - INFO - 💥 Layer 4: Impact Simulation
2025-10-01 19:30:13,328 - AEGIS-X.EliteVerificationEngine - INFO - 🔗 Layer 5: Exploit Chain Validation
2025-10-01 19:30:13,328 - AEGIS-X.EliteVerificationEngine - INFO - 🚫 Layer 6: False Positive Elimination
2025-10-01 19:30:13,328 - AEGIS-X.EliteVerificationEngine - INFO - 🎯 Vulnerability-specific verification for cross-site scripting (xss)
2025-10-01 19:30:13,328 - AEGIS-X.EliteVerificationEngine - INFO - ✅ Elite verification complete for mutated_xss_4ea2abf7_17: False (confidence: 0.35)
2025-10-01 19:30:13,328 - AEGIS-X.EliteVerificationEngine - INFO - 🔍 Starting elite verification for vulnerability: Reflected XSS in q parameter
2025-10-01 19:30:13,328 - AEGIS-X.EliteVerificationEngine - INFO - 🎯 Layer 1: Payload Validation
2025-10-01 19:30:13,328 - AEGIS-X.EliteVerificationEngine - INFO - 📊 Layer 2: Response Analysis
2025-10-01 19:30:13,329 - AEGIS-X.EliteVerificationEngine - INFO - 🌐 Layer 3: Behavioral Verification
2025-10-01 19:30:13,369 - AEGIS-X.EliteVerificationEngine - INFO - 💥 Layer 4: Impact Simulation
2025-10-01 19:30:13,369 - AEGIS-X.EliteVerificationEngine - INFO - 🔗 Layer 5: Exploit Chain Validation
2025-10-01 19:30:13,369 - AEGIS-X.EliteVerificationEngine - INFO - 🚫 Layer 6: False Positive Elimination
2025-10-01 19:30:13,369 - AEGIS-X.EliteVerificationEngine - INFO - 🎯 Vulnerability-specific verification for cross-site scripting (xss)
2025-10-01 19:30:13,369 - AEGIS-X.EliteVerificationEngine - INFO - ✅ Elite verification complete for mutated_xss_4ea2abf7_18: False (confidence: 0.35)
2025-10-01 19:30:13,369 - AEGIS-X.EliteVerificationEngine - INFO - 🔍 Starting elite verification for vulnerability: Reflected XSS in q parameter
2025-10-01 19:30:13,369 - AEGIS-X.EliteVerificationEngine - INFO - 🎯 Layer 1: Payload Validation
2025-10-01 19:30:13,369 - AEGIS-X.EliteVerificationEngine - INFO - 📊 Layer 2: Response Analysis
2025-10-01 19:30:13,371 - AEGIS-X.EliteVerificationEngine - INFO - 🌐 Layer 3: Behavioral Verification
2025-10-01 19:30:13,377 - AEGIS-X.EliteVerificationEngine - INFO - 💥 Layer 4: Impact Simulation
2025-10-01 19:30:13,377 - AEGIS-X.EliteVerificationEngine - INFO - 🔗 Layer 5: Exploit Chain Validation
2025-10-01 19:30:13,377 - AEGIS-X.EliteVerificationEngine - INFO - 🚫 Layer 6: False Positive Elimination
2025-10-01 19:30:13,377 - AEGIS-X.EliteVerificationEngine - INFO - 🎯 Vulnerability-specific verification for cross-site scripting (xss)
2025-10-01 19:30:13,377 - AEGIS-X.EliteVerificationEngine - INFO - ✅ Elite verification complete for mutated_xss_4ea2abf7_19: False (confidence: 0.35)
2025-10-01 19:30:13,377 - AEGIS-X.EliteVerificationEngine - INFO - 🔍 Starting elite verification for vulnerability: Reflected XSS in q parameter
2025-10-01 19:30:13,377 - AEGIS-X.EliteVerificationEngine - INFO - 🎯 Layer 1: Payload Validation
2025-10-01 19:30:13,377 - AEGIS-X.EliteVerificationEngine - INFO - 📊 Layer 2: Response Analysis
2025-10-01 19:30:13,378 - AEGIS-X.EliteVerificationEngine - INFO - 🌐 Layer 3: Behavioral Verification
2025-10-01 19:30:13,417 - AEGIS-X.EliteVerificationEngine - INFO - 💥 Layer 4: Impact Simulation
2025-10-01 19:30:13,417 - AEGIS-X.EliteVerificationEngine - INFO - 🔗 Layer 5: Exploit Chain Validation
2025-10-01 19:30:13,418 - AEGIS-X.EliteVerificationEngine - INFO - 🚫 Layer 6: False Positive Elimination
2025-10-01 19:30:13,418 - AEGIS-X.EliteVerificationEngine - INFO - 🎯 Vulnerability-specific verification for cross-site scripting (xss)
2025-10-01 19:30:13,418 - AEGIS-X.EliteVerificationEngine - INFO - ✅ Elite verification complete for mutated_xss_8949a6d1_20: False (confidence: 0.35)
2025-10-01 19:30:13,418 - AEGIS-X.EliteVerificationEngine - INFO - 🔍 Starting elite verification for vulnerability: Reflected XSS in q parameter
2025-10-01 19:30:13,418 - AEGIS-X.EliteVerificationEngine - INFO - 🎯 Layer 1: Payload Validation
2025-10-01 19:30:13,418 - AEGIS-X.EliteVerificationEngine - INFO - 📊 Layer 2: Response Analysis
2025-10-01 19:30:13,419 - AEGIS-X.EliteVerificationEngine - INFO - 🌐 Layer 3: Behavioral Verification
2025-10-01 19:30:13,426 - AEGIS-X.EliteVerificationEngine - INFO - 💥 Layer 4: Impact Simulation
2025-10-01 19:30:13,426 - AEGIS-X.EliteVerificationEngine - INFO - 🔗 Layer 5: Exploit Chain Validation
2025-10-01 19:30:13,426 - AEGIS-X.EliteVerificationEngine - INFO - 🚫 Layer 6: False Positive Elimination
2025-10-01 19:30:13,426 - AEGIS-X.EliteVerificationEngine - INFO - 🎯 Vulnerability-specific verification for cross-site scripting (xss)
2025-10-01 19:30:13,426 - AEGIS-X.EliteVerificationEngine - INFO - ✅ Elite verification complete for mutated_xss_8949a6d1_21: False (confidence: 0.35)
2025-10-01 19:30:13,426 - AEGIS-X.EliteVerificationEngine - INFO - 🔍 Starting elite verification for vulnerability: Reflected XSS in q parameter
2025-10-01 19:30:13,426 - AEGIS-X.EliteVerificationEngine - INFO - 🎯 Layer 1: Payload Validation
2025-10-01 19:30:13,426 - AEGIS-X.EliteVerificationEngine - INFO - 📊 Layer 2: Response Analysis
2025-10-01 19:30:13,428 - AEGIS-X.EliteVerificationEngine - INFO - 🌐 Layer 3: Behavioral Verification
2025-10-01 19:30:13,470 - AEGIS-X.EliteVerificationEngine - INFO - 💥 Layer 4: Impact Simulation
2025-10-01 19:30:13,470 - AEGIS-X.EliteVerificationEngine - INFO - 🔗 Layer 5: Exploit Chain Validation
2025-10-01 19:30:13,470 - AEGIS-X.EliteVerificationEngine - INFO - 🚫 Layer 6: False Positive Elimination
2025-10-01 19:30:13,470 - AEGIS-X.EliteVerificationEngine - INFO - 🎯 Vulnerability-specific verification for cross-site scripting (xss)
2025-10-01 19:30:13,470 - AEGIS-X.EliteVerificationEngine - INFO - ✅ Elite verification complete for mutated_xss_8949a6d1_22: False (confidence: 0.35)
2025-10-01 19:30:13,470 - AEGIS-X.EliteVerificationEngine - INFO - 🔍 Starting elite verification for vulnerability: Reflected XSS in q parameter
2025-10-01 19:30:13,470 - AEGIS-X.EliteVerificationEngine - INFO - 🎯 Layer 1: Payload Validation
2025-10-01 19:30:13,470 - AEGIS-X.EliteVerificationEngine - INFO - 📊 Layer 2: Response Analysis
2025-10-01 19:30:13,472 - AEGIS-X.EliteVerificationEngine - INFO - 🌐 Layer 3: Behavioral Verification
2025-10-01 19:30:13,479 - AEGIS-X.EliteVerificationEngine - INFO - 💥 Layer 4: Impact Simulation
2025-10-01 19:30:13,479 - AEGIS-X.EliteVerificationEngine - INFO - 🔗 Layer 5: Exploit Chain Validation
2025-10-01 19:30:13,479 - AEGIS-X.EliteVerificationEngine - INFO - 🚫 Layer 6: False Positive Elimination
2025-10-01 19:30:13,480 - AEGIS-X.EliteVerificationEngine - INFO - 🎯 Vulnerability-specific verification for cross-site scripting (xss)
2025-10-01 19:30:13,480 - AEGIS-X.EliteVerificationEngine - INFO - ✅ Elite verification complete for mutated_xss_8949a6d1_23: False (confidence: 0.35)
2025-10-01 19:30:13,480 - AEGIS-X.EliteVerificationEngine - INFO - 🔍 Starting elite verification for vulnerability: Reflected XSS in q parameter
2025-10-01 19:30:13,480 - AEGIS-X.EliteVerificationEngine - INFO - 🎯 Layer 1: Payload Validation
2025-10-01 19:30:13,480 - AEGIS-X.EliteVerificationEngine - INFO - 📊 Layer 2: Response Analysis
2025-10-01 19:30:13,481 - AEGIS-X.EliteVerificationEngine - INFO - 🌐 Layer 3: Behavioral Verification
2025-10-01 19:30:13,513 - AEGIS-X.EliteVerificationEngine - INFO - 💥 Layer 4: Impact Simulation
2025-10-01 19:30:13,513 - AEGIS-X.EliteVerificationEngine - INFO - 🔗 Layer 5: Exploit Chain Validation
2025-10-01 19:30:13,513 - AEGIS-X.EliteVerificationEngine - INFO - 🚫 Layer 6: False Positive Elimination
2025-10-01 19:30:13,513 - AEGIS-X.EliteVerificationEngine - INFO - 🎯 Vulnerability-specific verification for cross-site scripting (xss)
2025-10-01 19:30:13,513 - AEGIS-X.EliteVerificationEngine - INFO - ✅ Elite verification complete for mutated_xss_8949a6d1_24: False (confidence: 0.35)
2025-10-01 19:30:13,513 - AEGIS-X.EliteVerificationEngine - INFO - 🔍 Starting elite verification for vulnerability: Reflected XSS in q parameter
2025-10-01 19:30:13,513 - AEGIS-X.EliteVerificationEngine - INFO - 🎯 Layer 1: Payload Validation
2025-10-01 19:30:13,513 - AEGIS-X.EliteVerificationEngine - INFO - 📊 Layer 2: Response Analysis
2025-10-01 19:30:13,515 - AEGIS-X.EliteVerificationEngine - INFO - 🌐 Layer 3: Behavioral Verification
2025-10-01 19:30:13,522 - AEGIS-X.EliteVerificationEngine - INFO - 💥 Layer 4: Impact Simulation
2025-10-01 19:30:13,522 - AEGIS-X.EliteVerificationEngine - INFO - 🔗 Layer 5: Exploit Chain Validation
2025-10-01 19:30:13,522 - AEGIS-X.EliteVerificationEngine - INFO - 🚫 Layer 6: False Positive Elimination
2025-10-01 19:30:13,522 - AEGIS-X.EliteVerificationEngine - INFO - 🎯 Vulnerability-specific verification for cross-site scripting (xss)
2025-10-01 19:30:13,523 - AEGIS-X.EliteVerificationEngine - INFO - ✅ Elite verification complete for mutated_xss_f6bbc2ab_25: False (confidence: 0.35)
2025-10-01 19:30:13,523 - AEGIS-X.EliteVerificationEngine - INFO - 🔍 Starting elite verification for vulnerability: Reflected XSS in q parameter
2025-10-01 19:30:13,523 - AEGIS-X.EliteVerificationEngine - INFO - 🎯 Layer 1: Payload Validation
2025-10-01 19:30:13,523 - AEGIS-X.EliteVerificationEngine - INFO - 📊 Layer 2: Response Analysis
2025-10-01 19:30:13,524 - AEGIS-X.EliteVerificationEngine - INFO - 🌐 Layer 3: Behavioral Verification
2025-10-01 19:30:13,558 - AEGIS-X.EliteVerificationEngine - INFO - 💥 Layer 4: Impact Simulation
2025-10-01 19:30:13,558 - AEGIS-X.EliteVerificationEngine - INFO - 🔗 Layer 5: Exploit Chain Validation
2025-10-01 19:30:13,558 - AEGIS-X.EliteVerificationEngine - INFO - 🚫 Layer 6: False Positive Elimination
2025-10-01 19:30:13,558 - AEGIS-X.EliteVerificationEngine - INFO - 🎯 Vulnerability-specific verification for cross-site scripting (xss)
2025-10-01 19:30:13,558 - AEGIS-X.EliteVerificationEngine - INFO - ✅ Elite verification complete for mutated_xss_f6bbc2ab_26: False (confidence: 0.35)
2025-10-01 19:30:13,558 - AEGIS-X.EliteVerificationEngine - INFO - 🔍 Starting elite verification for vulnerability: Reflected XSS in q parameter
2025-10-01 19:30:13,558 - AEGIS-X.EliteVerificationEngine - INFO - 🎯 Layer 1: Payload Validation
2025-10-01 19:30:13,558 - AEGIS-X.EliteVerificationEngine - INFO - 📊 Layer 2: Response Analysis
2025-10-01 19:30:13,560 - AEGIS-X.EliteVerificationEngine - INFO - 🌐 Layer 3: Behavioral Verification
2025-10-01 19:30:13,573 - AEGIS-X.EliteVerificationEngine - INFO - 💥 Layer 4: Impact Simulation
2025-10-01 19:30:13,573 - AEGIS-X.EliteVerificationEngine - INFO - 🔗 Layer 5: Exploit Chain Validation
2025-10-01 19:30:13,573 - AEGIS-X.EliteVerificationEngine - INFO - 🚫 Layer 6: False Positive Elimination
2025-10-01 19:30:13,573 - AEGIS-X.EliteVerificationEngine - INFO - 🎯 Vulnerability-specific verification for cross-site scripting (xss)
2025-10-01 19:30:13,573 - AEGIS-X.EliteVerificationEngine - INFO - ✅ Elite verification complete for mutated_xss_f6bbc2ab_27: False (confidence: 0.35)
2025-10-01 19:30:13,573 - AEGIS-X.EliteVerificationEngine - INFO - 🔍 Starting elite verification for vulnerability: Reflected XSS in q parameter
2025-10-01 19:30:13,574 - AEGIS-X.EliteVerificationEngine - INFO - 🎯 Layer 1: Payload Validation
2025-10-01 19:30:13,574 - AEGIS-X.EliteVerificationEngine - INFO - 📊 Layer 2: Response Analysis
2025-10-01 19:30:13,576 - AEGIS-X.EliteVerificationEngine - INFO - 🌐 Layer 3: Behavioral Verification
2025-10-01 19:30:13,613 - AEGIS-X.EliteVerificationEngine - INFO - 💥 Layer 4: Impact Simulation
2025-10-01 19:30:13,613 - AEGIS-X.EliteVerificationEngine - INFO - 🔗 Layer 5: Exploit Chain Validation
2025-10-01 19:30:13,613 - AEGIS-X.EliteVerificationEngine - INFO - 🚫 Layer 6: False Positive Elimination
2025-10-01 19:30:13,613 - AEGIS-X.EliteVerificationEngine - INFO - 🎯 Vulnerability-specific verification for cross-site scripting (xss)
2025-10-01 19:30:13,613 - AEGIS-X.EliteVerificationEngine - INFO - ✅ Elite verification complete for mutated_xss_f6bbc2ab_28: False (confidence: 0.35)
2025-10-01 19:30:13,613 - AEGIS-X.EliteVerificationEngine - INFO - 🔍 Starting elite verification for vulnerability: Reflected XSS in q parameter
2025-10-01 19:30:13,613 - AEGIS-X.EliteVerificationEngine - INFO - 🎯 Layer 1: Payload Validation
2025-10-01 19:30:13,613 - AEGIS-X.EliteVerificationEngine - INFO - 📊 Layer 2: Response Analysis
2025-10-01 19:30:13,615 - AEGIS-X.EliteVerificationEngine - INFO - 🌐 Layer 3: Behavioral Verification
2025-10-01 19:30:13,621 - AEGIS-X.EliteVerificationEngine - INFO - 💥 Layer 4: Impact Simulation
2025-10-01 19:30:13,621 - AEGIS-X.EliteVerificationEngine - INFO - 🔗 Layer 5: Exploit Chain Validation
2025-10-01 19:30:13,622 - AEGIS-X.EliteVerificationEngine - INFO - 🚫 Layer 6: False Positive Elimination
2025-10-01 19:30:13,622 - AEGIS-X.EliteVerificationEngine - INFO - 🎯 Vulnerability-specific verification for cross-site scripting (xss)
2025-10-01 19:30:13,622 - AEGIS-X.EliteVerificationEngine - INFO - ✅ Elite verification complete for mutated_xss_f6bbc2ab_29: False (confidence: 0.35)
2025-10-01 19:30:13,622 - AEGIS-X.EliteVerificationEngine - INFO - 🔍 Starting elite verification for vulnerability: Reflected XSS in q parameter
2025-10-01 19:30:13,622 - AEGIS-X.EliteVerificationEngine - INFO - 🎯 Layer 1: Payload Validation
2025-10-01 19:30:13,622 - AEGIS-X.EliteVerificationEngine - INFO - 📊 Layer 2: Response Analysis
2025-10-01 19:30:13,623 - AEGIS-X.EliteVerificationEngine - INFO - 🌐 Layer 3: Behavioral Verification
2025-10-01 19:30:13,659 - AEGIS-X.EliteVerificationEngine - INFO - 💥 Layer 4: Impact Simulation
2025-10-01 19:30:13,659 - AEGIS-X.EliteVerificationEngine - INFO - 🔗 Layer 5: Exploit Chain Validation
2025-10-01 19:30:13,659 - AEGIS-X.EliteVerificationEngine - INFO - 🚫 Layer 6: False Positive Elimination
2025-10-01 19:30:13,659 - AEGIS-X.EliteVerificationEngine - INFO - 🎯 Vulnerability-specific verification for cross-site scripting (xss)
2025-10-01 19:30:13,659 - AEGIS-X.EliteVerificationEngine - INFO - ✅ Elite verification complete for mutated_xss_0e1c88df_30: False (confidence: 0.35)
2025-10-01 19:30:13,659 - AEGIS-X.EliteVerificationEngine - INFO - 🔍 Starting elite verification for vulnerability: Reflected XSS in q parameter
2025-10-01 19:30:13,659 - AEGIS-X.EliteVerificationEngine - INFO - 🎯 Layer 1: Payload Validation
2025-10-01 19:30:13,659 - AEGIS-X.EliteVerificationEngine - INFO - 📊 Layer 2: Response Analysis
2025-10-01 19:30:13,660 - AEGIS-X.EliteVerificationEngine - INFO - 🌐 Layer 3: Behavioral Verification
2025-10-01 19:30:13,667 - AEGIS-X.EliteVerificationEngine - INFO - 💥 Layer 4: Impact Simulation
2025-10-01 19:30:13,667 - AEGIS-X.EliteVerificationEngine - INFO - 🔗 Layer 5: Exploit Chain Validation
2025-10-01 19:30:13,667 - AEGIS-X.EliteVerificationEngine - INFO - 🚫 Layer 6: False Positive Elimination
2025-10-01 19:30:13,667 - AEGIS-X.EliteVerificationEngine - INFO - 🎯 Vulnerability-specific verification for cross-site scripting (xss)
2025-10-01 19:30:13,667 - AEGIS-X.EliteVerificationEngine - INFO - ✅ Elite verification complete for mutated_xss_0e1c88df_31: False (confidence: 0.35)
2025-10-01 19:30:13,667 - AEGIS-X.EliteVerificationEngine - INFO - 🔍 Starting elite verification for vulnerability: Reflected XSS in q parameter
2025-10-01 19:30:13,667 - AEGIS-X.EliteVerificationEngine - INFO - 🎯 Layer 1: Payload Validation
2025-10-01 19:30:13,667 - AEGIS-X.EliteVerificationEngine - INFO - 📊 Layer 2: Response Analysis
2025-10-01 19:30:13,668 - AEGIS-X.EliteVerificationEngine - INFO - 🌐 Layer 3: Behavioral Verification
2025-10-01 19:30:13,703 - AEGIS-X.EliteVerificationEngine - INFO - 💥 Layer 4: Impact Simulation
2025-10-01 19:30:13,703 - AEGIS-X.EliteVerificationEngine - INFO - 🔗 Layer 5: Exploit Chain Validation
2025-10-01 19:30:13,703 - AEGIS-X.EliteVerificationEngine - INFO - 🚫 Layer 6: False Positive Elimination
2025-10-01 19:30:13,703 - AEGIS-X.EliteVerificationEngine - INFO - 🎯 Vulnerability-specific verification for cross-site scripting (xss)
2025-10-01 19:30:13,703 - AEGIS-X.EliteVerificationEngine - INFO - ✅ Elite verification complete for mutated_xss_0e1c88df_32: False (confidence: 0.35)
2025-10-01 19:30:13,703 - AEGIS-X.EliteVerificationEngine - INFO - 🔍 Starting elite verification for vulnerability: Reflected XSS in q parameter
2025-10-01 19:30:13,703 - AEGIS-X.EliteVerificationEngine - INFO - 🎯 Layer 1: Payload Validation
2025-10-01 19:30:13,704 - AEGIS-X.EliteVerificationEngine - INFO - 📊 Layer 2: Response Analysis
2025-10-01 19:30:13,705 - AEGIS-X.EliteVerificationEngine - INFO - 🌐 Layer 3: Behavioral Verification
2025-10-01 19:30:13,711 - AEGIS-X.EliteVerificationEngine - INFO - 💥 Layer 4: Impact Simulation
2025-10-01 19:30:13,711 - AEGIS-X.EliteVerificationEngine - INFO - 🔗 Layer 5: Exploit Chain Validation
2025-10-01 19:30:13,711 - AEGIS-X.EliteVerificationEngine - INFO - 🚫 Layer 6: False Positive Elimination
2025-10-01 19:30:13,711 - AEGIS-X.EliteVerificationEngine - INFO - 🎯 Vulnerability-specific verification for cross-site scripting (xss)
2025-10-01 19:30:13,711 - AEGIS-X.EliteVerificationEngine - INFO - ✅ Elite verification complete for mutated_xss_0e1c88df_33: False (confidence: 0.35)
2025-10-01 19:30:13,711 - AEGIS-X.EliteVerificationEngine - INFO - 🔍 Starting elite verification for vulnerability: Reflected XSS in q parameter
2025-10-01 19:30:13,711 - AEGIS-X.EliteVerificationEngine - INFO - 🎯 Layer 1: Payload Validation
2025-10-01 19:30:13,711 - AEGIS-X.EliteVerificationEngine - INFO - 📊 Layer 2: Response Analysis
2025-10-01 19:30:13,712 - AEGIS-X.EliteVerificationEngine - INFO - 🌐 Layer 3: Behavioral Verification
2025-10-01 19:30:13,746 - AEGIS-X.EliteVerificationEngine - INFO - 💥 Layer 4: Impact Simulation
2025-10-01 19:30:13,746 - AEGIS-X.EliteVerificationEngine - INFO - 🔗 Layer 5: Exploit Chain Validation
2025-10-01 19:30:13,746 - AEGIS-X.EliteVerificationEngine - INFO - 🚫 Layer 6: False Positive Elimination
2025-10-01 19:30:13,746 - AEGIS-X.EliteVerificationEngine - INFO - 🎯 Vulnerability-specific verification for cross-site scripting (xss)
2025-10-01 19:30:13,747 - AEGIS-X.EliteVerificationEngine - INFO - ✅ Elite verification complete for mutated_xss_0e1c88df_34: False (confidence: 0.35)
2025-10-01 19:30:13,747 - AEGIS-X.EliteVerificationEngine - INFO - 🔍 Starting elite verification for vulnerability: Reflected XSS in q parameter
2025-10-01 19:30:13,747 - AEGIS-X.EliteVerificationEngine - INFO - 🎯 Layer 1: Payload Validation
2025-10-01 19:30:13,747 - AEGIS-X.EliteVerificationEngine - INFO - 📊 Layer 2: Response Analysis
2025-10-01 19:30:13,748 - AEGIS-X.EliteVerificationEngine - INFO - 🌐 Layer 3: Behavioral Verification
2025-10-01 19:30:13,755 - AEGIS-X.EliteVerificationEngine - INFO - 💥 Layer 4: Impact Simulation
2025-10-01 19:30:13,755 - AEGIS-X.EliteVerificationEngine - INFO - 🔗 Layer 5: Exploit Chain Validation
2025-10-01 19:30:13,755 - AEGIS-X.EliteVerificationEngine - INFO - 🚫 Layer 6: False Positive Elimination
2025-10-01 19:30:13,755 - AEGIS-X.EliteVerificationEngine - INFO - 🎯 Vulnerability-specific verification for cross-site scripting (xss)
2025-10-01 19:30:13,755 - AEGIS-X.EliteVerificationEngine - INFO - ✅ Elite verification complete for mutated_xss_ab19f9ed_35: False (confidence: 0.35)
2025-10-01 19:30:13,755 - AEGIS-X.EliteVerificationEngine - INFO - 🔍 Starting elite verification for vulnerability: Reflected XSS in q parameter
2025-10-01 19:30:13,755 - AEGIS-X.EliteVerificationEngine - INFO - 🎯 Layer 1: Payload Validation
2025-10-01 19:30:13,755 - AEGIS-X.EliteVerificationEngine - INFO - 📊 Layer 2: Response Analysis
2025-10-01 19:30:13,756 - AEGIS-X.EliteVerificationEngine - INFO - 🌐 Layer 3: Behavioral Verification
2025-10-01 19:30:13,790 - AEGIS-X.EliteVerificationEngine - INFO - 💥 Layer 4: Impact Simulation
2025-10-01 19:30:13,790 - AEGIS-X.EliteVerificationEngine - INFO - 🔗 Layer 5: Exploit Chain Validation
2025-10-01 19:30:13,790 - AEGIS-X.EliteVerificationEngine - INFO - 🚫 Layer 6: False Positive Elimination
2025-10-01 19:30:13,791 - AEGIS-X.EliteVerificationEngine - INFO - 🎯 Vulnerability-specific verification for cross-site scripting (xss)
2025-10-01 19:30:13,791 - AEGIS-X.EliteVerificationEngine - INFO - ✅ Elite verification complete for mutated_xss_ab19f9ed_36: False (confidence: 0.35)
2025-10-01 19:30:13,791 - AEGIS-X.EliteVerificationEngine - INFO - 🔍 Starting elite verification for vulnerability: Reflected XSS in q parameter
2025-10-01 19:30:13,791 - AEGIS-X.EliteVerificationEngine - INFO - 🎯 Layer 1: Payload Validation
2025-10-01 19:30:13,791 - AEGIS-X.EliteVerificationEngine - INFO - 📊 Layer 2: Response Analysis
2025-10-01 19:30:13,792 - AEGIS-X.EliteVerificationEngine - INFO - 🌐 Layer 3: Behavioral Verification
2025-10-01 19:30:13,804 - AEGIS-X.EliteVerificationEngine - INFO - 💥 Layer 4: Impact Simulation
2025-10-01 19:30:13,804 - AEGIS-X.EliteVerificationEngine - INFO - 🔗 Layer 5: Exploit Chain Validation
2025-10-01 19:30:13,804 - AEGIS-X.EliteVerificationEngine - INFO - 🚫 Layer 6: False Positive Elimination
2025-10-01 19:30:13,804 - AEGIS-X.EliteVerificationEngine - INFO - 🎯 Vulnerability-specific verification for cross-site scripting (xss)
2025-10-01 19:30:13,804 - AEGIS-X.EliteVerificationEngine - INFO - ✅ Elite verification complete for mutated_xss_ab19f9ed_37: False (confidence: 0.35)
2025-10-01 19:30:13,804 - AEGIS-X.EliteVerificationEngine - INFO - 🔍 Starting elite verification for vulnerability: Reflected XSS in q parameter
2025-10-01 19:30:13,804 - AEGIS-X.EliteVerificationEngine - INFO - 🎯 Layer 1: Payload Validation
2025-10-01 19:30:13,804 - AEGIS-X.EliteVerificationEngine - INFO - 📊 Layer 2: Response Analysis
2025-10-01 19:30:13,806 - AEGIS-X.EliteVerificationEngine - INFO - 🌐 Layer 3: Behavioral Verification
2025-10-01 19:30:13,840 - AEGIS-X.EliteVerificationEngine - INFO - 💥 Layer 4: Impact Simulation
2025-10-01 19:30:13,841 - AEGIS-X.EliteVerificationEngine - INFO - 🔗 Layer 5: Exploit Chain Validation
2025-10-01 19:30:13,841 - AEGIS-X.EliteVerificationEngine - INFO - 🚫 Layer 6: False Positive Elimination
2025-10-01 19:30:13,841 - AEGIS-X.EliteVerificationEngine - INFO - 🎯 Vulnerability-specific verification for cross-site scripting (xss)
2025-10-01 19:30:13,841 - AEGIS-X.EliteVerificationEngine - INFO - ✅ Elite verification complete for mutated_xss_ab19f9ed_38: False (confidence: 0.35)
2025-10-01 19:30:13,841 - AEGIS-X.EliteVerificationEngine - INFO - 🔍 Starting elite verification for vulnerability: Reflected XSS in q parameter
2025-10-01 19:30:13,841 - AEGIS-X.EliteVerificationEngine - INFO - 🎯 Layer 1: Payload Validation
2025-10-01 19:30:13,841 - AEGIS-X.EliteVerificationEngine - INFO - 📊 Layer 2: Response Analysis
2025-10-01 19:30:13,843 - AEGIS-X.EliteVerificationEngine - INFO - 🌐 Layer 3: Behavioral Verification
2025-10-01 19:30:13,849 - AEGIS-X.EliteVerificationEngine - INFO - 💥 Layer 4: Impact Simulation
2025-10-01 19:30:13,849 - AEGIS-X.EliteVerificationEngine - INFO - 🔗 Layer 5: Exploit Chain Validation
2025-10-01 19:30:13,849 - AEGIS-X.EliteVerificationEngine - INFO - 🚫 Layer 6: False Positive Elimination
2025-10-01 19:30:13,849 - AEGIS-X.EliteVerificationEngine - INFO - 🎯 Vulnerability-specific verification for cross-site scripting (xss)
2025-10-01 19:30:13,849 - AEGIS-X.EliteVerificationEngine - INFO - ✅ Elite verification complete for mutated_xss_ab19f9ed_39: False (confidence: 0.35)
2025-10-01 19:30:13,849 - AEGIS-X.EliteVerificationEngine - INFO - 🔍 Starting elite verification for vulnerability: Reflected XSS in q parameter
2025-10-01 19:30:13,849 - AEGIS-X.EliteVerificationEngine - INFO - 🎯 Layer 1: Payload Validation
2025-10-01 19:30:13,849 - AEGIS-X.EliteVerificationEngine - INFO - 📊 Layer 2: Response Analysis
2025-10-01 19:30:13,851 - AEGIS-X.EliteVerificationEngine - INFO - 🌐 Layer 3: Behavioral Verification
2025-10-01 19:30:13,884 - AEGIS-X.EliteVerificationEngine - INFO - 💥 Layer 4: Impact Simulation
2025-10-01 19:30:13,884 - AEGIS-X.EliteVerificationEngine - INFO - 🔗 Layer 5: Exploit Chain Validation
2025-10-01 19:30:13,884 - AEGIS-X.EliteVerificationEngine - INFO - 🚫 Layer 6: False Positive Elimination
2025-10-01 19:30:13,884 - AEGIS-X.EliteVerificationEngine - INFO - 🎯 Vulnerability-specific verification for cross-site scripting (xss)
2025-10-01 19:30:13,884 - AEGIS-X.EliteVerificationEngine - INFO - ✅ Elite verification complete for mutated_xss_24fcc852_40: False (confidence: 0.35)
2025-10-01 19:30:13,884 - AEGIS-X.EliteVerificationEngine - INFO - 🔍 Starting elite verification for vulnerability: Reflected XSS in q parameter
2025-10-01 19:30:13,884 - AEGIS-X.EliteVerificationEngine - INFO - 🎯 Layer 1: Payload Validation
2025-10-01 19:30:13,884 - AEGIS-X.EliteVerificationEngine - INFO - 📊 Layer 2: Response Analysis
2025-10-01 19:30:13,886 - AEGIS-X.EliteVerificationEngine - INFO - 🌐 Layer 3: Behavioral Verification
2025-10-01 19:30:13,898 - AEGIS-X.EliteVerificationEngine - INFO - 💥 Layer 4: Impact Simulation
2025-10-01 19:30:13,898 - AEGIS-X.EliteVerificationEngine - INFO - 🔗 Layer 5: Exploit Chain Validation
2025-10-01 19:30:13,899 - AEGIS-X.EliteVerificationEngine - INFO - 🚫 Layer 6: False Positive Elimination
2025-10-01 19:30:13,899 - AEGIS-X.EliteVerificationEngine - INFO - 🎯 Vulnerability-specific verification for cross-site scripting (xss)
2025-10-01 19:30:13,899 - AEGIS-X.EliteVerificationEngine - INFO - ✅ Elite verification complete for mutated_xss_24fcc852_41: False (confidence: 0.35)
2025-10-01 19:30:13,899 - AEGIS-X.EliteVerificationEngine - INFO - 🔍 Starting elite verification for vulnerability: Reflected XSS in q parameter
2025-10-01 19:30:13,899 - AEGIS-X.EliteVerificationEngine - INFO - 🎯 Layer 1: Payload Validation
2025-10-01 19:30:13,899 - AEGIS-X.EliteVerificationEngine - INFO - 📊 Layer 2: Response Analysis
2025-10-01 19:30:13,901 - AEGIS-X.EliteVerificationEngine - INFO - 🌐 Layer 3: Behavioral Verification
2025-10-01 19:30:13,935 - AEGIS-X.EliteVerificationEngine - INFO - 💥 Layer 4: Impact Simulation
2025-10-01 19:30:13,935 - AEGIS-X.EliteVerificationEngine - INFO - 🔗 Layer 5: Exploit Chain Validation
2025-10-01 19:30:13,935 - AEGIS-X.EliteVerificationEngine - INFO - 🚫 Layer 6: False Positive Elimination
2025-10-01 19:30:13,936 - AEGIS-X.EliteVerificationEngine - INFO - 🎯 Vulnerability-specific verification for cross-site scripting (xss)
2025-10-01 19:30:13,936 - AEGIS-X.EliteVerificationEngine - INFO - ✅ Elite verification complete for mutated_xss_24fcc852_42: False (confidence: 0.35)
2025-10-01 19:30:13,936 - AEGIS-X.EliteVerificationEngine - INFO - 🔍 Starting elite verification for vulnerability: Reflected XSS in q parameter
2025-10-01 19:30:13,936 - AEGIS-X.EliteVerificationEngine - INFO - 🎯 Layer 1: Payload Validation
2025-10-01 19:30:13,936 - AEGIS-X.EliteVerificationEngine - INFO - 📊 Layer 2: Response Analysis
2025-10-01 19:30:13,938 - AEGIS-X.EliteVerificationEngine - INFO - 🌐 Layer 3: Behavioral Verification
2025-10-01 19:30:13,944 - AEGIS-X.EliteVerificationEngine - INFO - 💥 Layer 4: Impact Simulation
2025-10-01 19:30:13,944 - AEGIS-X.EliteVerificationEngine - INFO - 🔗 Layer 5: Exploit Chain Validation
2025-10-01 19:30:13,945 - AEGIS-X.EliteVerificationEngine - INFO - 🚫 Layer 6: False Positive Elimination
2025-10-01 19:30:13,945 - AEGIS-X.EliteVerificationEngine - INFO - 🎯 Vulnerability-specific verification for cross-site scripting (xss)
2025-10-01 19:30:13,945 - AEGIS-X.EliteVerificationEngine - INFO - ✅ Elite verification complete for mutated_xss_24fcc852_43: False (confidence: 0.35)
2025-10-01 19:30:13,945 - AEGIS-X.EliteVerificationEngine - INFO - 🔍 Starting elite verification for vulnerability: Reflected XSS in q parameter
2025-10-01 19:30:13,945 - AEGIS-X.EliteVerificationEngine - INFO - 🎯 Layer 1: Payload Validation
2025-10-01 19:30:13,945 - AEGIS-X.EliteVerificationEngine - INFO - 📊 Layer 2: Response Analysis
2025-10-01 19:30:13,946 - AEGIS-X.EliteVerificationEngine - INFO - 🌐 Layer 3: Behavioral Verification
2025-10-01 19:30:13,984 - AEGIS-X.EliteVerificationEngine - INFO - 💥 Layer 4: Impact Simulation
2025-10-01 19:30:13,985 - AEGIS-X.EliteVerificationEngine - INFO - 🔗 Layer 5: Exploit Chain Validation
2025-10-01 19:30:13,985 - AEGIS-X.EliteVerificationEngine - INFO - 🚫 Layer 6: False Positive Elimination
2025-10-01 19:30:13,985 - AEGIS-X.EliteVerificationEngine - INFO - 🎯 Vulnerability-specific verification for cross-site scripting (xss)
2025-10-01 19:30:13,985 - AEGIS-X.EliteVerificationEngine - INFO - ✅ Elite verification complete for mutated_xss_24fcc852_44: False (confidence: 0.35)
2025-10-01 19:30:13,985 - AEGIS-X.EliteVerificationEngine - INFO - 🔍 Starting elite verification for vulnerability: Reflected XSS in q parameter
2025-10-01 19:30:13,985 - AEGIS-X.EliteVerificationEngine - INFO - 🎯 Layer 1: Payload Validation
2025-10-01 19:30:13,985 - AEGIS-X.EliteVerificationEngine - INFO - 📊 Layer 2: Response Analysis
2025-10-01 19:30:13,986 - AEGIS-X.EliteVerificationEngine - INFO - 🌐 Layer 3: Behavioral Verification
2025-10-01 19:30:13,992 - AEGIS-X.EliteVerificationEngine - INFO - 💥 Layer 4: Impact Simulation
2025-10-01 19:30:13,992 - AEGIS-X.EliteVerificationEngine - INFO - 🔗 Layer 5: Exploit Chain Validation
2025-10-01 19:30:13,992 - AEGIS-X.EliteVerificationEngine - INFO - 🚫 Layer 6: False Positive Elimination
2025-10-01 19:30:13,992 - AEGIS-X.EliteVerificationEngine - INFO - 🎯 Vulnerability-specific verification for cross-site scripting (xss)
2025-10-01 19:30:13,992 - AEGIS-X.EliteVerificationEngine - INFO - ✅ Elite verification complete for mutated_xss_41de20be_45: False (confidence: 0.35)
2025-10-01 19:30:13,993 - AEGIS-X.EliteVerificationEngine - INFO - 🔍 Starting elite verification for vulnerability: Reflected XSS in q parameter
2025-10-01 19:30:13,993 - AEGIS-X.EliteVerificationEngine - INFO - 🎯 Layer 1: Payload Validation
2025-10-01 19:30:13,993 - AEGIS-X.EliteVerificationEngine - INFO - 📊 Layer 2: Response Analysis
2025-10-01 19:30:13,994 - AEGIS-X.EliteVerificationEngine - INFO - 🌐 Layer 3: Behavioral Verification
2025-10-01 19:30:14,030 - AEGIS-X.EliteVerificationEngine - INFO - 💥 Layer 4: Impact Simulation
2025-10-01 19:30:14,030 - AEGIS-X.EliteVerificationEngine - INFO - 🔗 Layer 5: Exploit Chain Validation
2025-10-01 19:30:14,031 - AEGIS-X.EliteVerificationEngine - INFO - 🚫 Layer 6: False Positive Elimination
2025-10-01 19:30:14,031 - AEGIS-X.EliteVerificationEngine - INFO - 🎯 Vulnerability-specific verification for cross-site scripting (xss)
2025-10-01 19:30:14,031 - AEGIS-X.EliteVerificationEngine - INFO - ✅ Elite verification complete for mutated_xss_41de20be_46: False (confidence: 0.35)
2025-10-01 19:30:14,031 - AEGIS-X.EliteVerificationEngine - INFO - 🔍 Starting elite verification for vulnerability: Reflected XSS in q parameter
2025-10-01 19:30:14,031 - AEGIS-X.EliteVerificationEngine - INFO - 🎯 Layer 1: Payload Validation
2025-10-01 19:30:14,031 - AEGIS-X.EliteVerificationEngine - INFO - 📊 Layer 2: Response Analysis
2025-10-01 19:30:14,033 - AEGIS-X.EliteVerificationEngine - INFO - 🌐 Layer 3: Behavioral Verification
2025-10-01 19:30:14,039 - AEGIS-X.EliteVerificationEngine - INFO - 💥 Layer 4: Impact Simulation
2025-10-01 19:30:14,039 - AEGIS-X.EliteVerificationEngine - INFO - 🔗 Layer 5: Exploit Chain Validation
2025-10-01 19:30:14,039 - AEGIS-X.EliteVerificationEngine - INFO - 🚫 Layer 6: False Positive Elimination
2025-10-01 19:30:14,039 - AEGIS-X.EliteVerificationEngine - INFO - 🎯 Vulnerability-specific verification for cross-site scripting (xss)
2025-10-01 19:30:14,039 - AEGIS-X.EliteVerificationEngine - INFO - ✅ Elite verification complete for mutated_xss_41de20be_47: False (confidence: 0.35)
2025-10-01 19:30:14,039 - AEGIS-X.EliteVerificationEngine - INFO - 🔍 Starting elite verification for vulnerability: Reflected XSS in q parameter
2025-10-01 19:30:14,039 - AEGIS-X.EliteVerificationEngine - INFO - 🎯 Layer 1: Payload Validation
2025-10-01 19:30:14,039 - AEGIS-X.EliteVerificationEngine - INFO - 📊 Layer 2: Response Analysis
2025-10-01 19:30:14,041 - AEGIS-X.EliteVerificationEngine - INFO - 🌐 Layer 3: Behavioral Verification
2025-10-01 19:30:14,074 - AEGIS-X.EliteVerificationEngine - INFO - 💥 Layer 4: Impact Simulation
2025-10-01 19:30:14,074 - AEGIS-X.EliteVerificationEngine - INFO - 🔗 Layer 5: Exploit Chain Validation
2025-10-01 19:30:14,074 - AEGIS-X.EliteVerificationEngine - INFO - 🚫 Layer 6: False Positive Elimination
2025-10-01 19:30:14,074 - AEGIS-X.EliteVerificationEngine - INFO - 🎯 Vulnerability-specific verification for cross-site scripting (xss)
2025-10-01 19:30:14,074 - AEGIS-X.EliteVerificationEngine - INFO - ✅ Elite verification complete for mutated_xss_41de20be_48: False (confidence: 0.35)
2025-10-01 19:30:14,074 - AEGIS-X.EliteVerificationEngine - INFO - 🔍 Starting elite verification for vulnerability: Reflected XSS in q parameter
2025-10-01 19:30:14,074 - AEGIS-X.EliteVerificationEngine - INFO - 🎯 Layer 1: Payload Validation
2025-10-01 19:30:14,074 - AEGIS-X.EliteVerificationEngine - INFO - 📊 Layer 2: Response Analysis
2025-10-01 19:30:14,076 - AEGIS-X.EliteVerificationEngine - INFO - 🌐 Layer 3: Behavioral Verification
2025-10-01 19:30:14,083 - AEGIS-X.EliteVerificationEngine - INFO - 💥 Layer 4: Impact Simulation
2025-10-01 19:30:14,083 - AEGIS-X.EliteVerificationEngine - INFO - 🔗 Layer 5: Exploit Chain Validation
2025-10-01 19:30:14,084 - AEGIS-X.EliteVerificationEngine - INFO - 🚫 Layer 6: False Positive Elimination
2025-10-01 19:30:14,084 - AEGIS-X.EliteVerificationEngine - INFO - 🎯 Vulnerability-specific verification for cross-site scripting (xss)
2025-10-01 19:30:14,084 - AEGIS-X.EliteVerificationEngine - INFO - ✅ Elite verification complete for mutated_xss_41de20be_49: False (confidence: 0.35)
2025-10-01 19:30:14,084 - __main__ - INFO - 🔍 Advanced verification complete: 17 vulnerabilities verified
2025-10-01 19:30:14,084 - __main__ - INFO - 🥷 PHASE 4: STEALTH ANALYSIS
2025-10-01 19:30:14,085 - __main__ - INFO - 🥷 Stealth analysis complete: 0.0% success rate
2025-10-01 19:30:14,085 - __main__ - INFO - ✅ PHASE 5: SUCCESS VALIDATION
2025-10-01 19:30:14,085 - __main__ - INFO - 📋 PHASE 6: ULTIMATE REPORTING
2025-10-01 19:30:14,095 - __main__ - ERROR - ❌ Report generation failed: [Errno 2] No such file or directory: 'output/ultimate_report_http_//localhost_12005_1759347014.json'
2025-10-01 19:30:14,096 - __main__ - INFO - 🔥🔥🔥🔥🔥🔥🔥🔥🔥🔥🔥🔥🔥🔥🔥🔥🔥🔥🔥🔥🔥🔥🔥🔥🔥🔥🔥🔥🔥🔥🔥🔥🔥🔥🔥🔥🔥🔥🔥🔥🔥🔥🔥🔥🔥🔥🔥🔥🔥🔥🔥🔥🔥🔥🔥🔥🔥🔥🔥🔥
2025-10-01 19:30:14,096 - __main__ - INFO - 🎉 ULTIMATE AEGIS-X CAMPAIGN COMPLETED
2025-10-01 19:30:14,096 - __main__ - INFO - 🔥🔥🔥🔥🔥🔥🔥🔥🔥🔥🔥🔥🔥🔥🔥🔥🔥🔥🔥🔥🔥🔥🔥🔥🔥🔥🔥🔥🔥🔥🔥🔥🔥🔥🔥🔥🔥🔥🔥🔥🔥🔥🔥🔥🔥🔥🔥🔥🔥🔥🔥🔥🔥🔥🔥🔥🔥🔥🔥🔥
2025-10-01 19:30:14,096 - __main__ - INFO - 📊 ULTIMATE RESULTS:
2025-10-01 19:30:14,096 - __main__ - INFO -    🎯 Total Discovered: 68
2025-10-01 19:30:14,096 - __main__ - INFO -    ✅ Total Verified: 17
2025-10-01 19:30:14,096 - __main__ - INFO -    📈 Verification Rate: 25.0%
2025-10-01 19:30:14,096 - __main__ - INFO -    ⚠️ High: 16
2025-10-01 19:30:14,096 - __main__ - INFO -    📊 Medium: 1
2025-10-01 19:30:14,096 - __main__ - INFO -    🎯 Success Rate: 25.0%
2025-10-01 19:30:14,096 - __main__ - INFO -    ✅ Criteria Passed: 2/8
2025-10-01 19:30:14,096 - __main__ - WARNING - ⚠️ PARTIAL SUCCESS - ROOM FOR IMPROVEMENT
2025-10-01 19:30:14,096 - __main__ - INFO - 🔥🔥🔥🔥🔥🔥🔥🔥🔥🔥🔥🔥🔥🔥🔥🔥🔥🔥🔥🔥🔥🔥🔥🔥🔥🔥🔥🔥🔥🔥🔥🔥🔥🔥🔥🔥🔥🔥🔥🔥🔥🔥🔥🔥🔥🔥🔥🔥🔥🔥🔥🔥🔥🔥🔥🔥🔥🔥🔥🔥
2025-10-01 19:30:14,120 - asyncio - ERROR - Unclosed client session
client_session: <aiohttp.client.ClientSession object at 0x793df050e870>
2025-10-01 19:30:14,120 - asyncio - ERROR - Unclosed client session
client_session: <aiohttp.client.ClientSession object at 0x793df0686210>
2025-10-01 19:30:52,583 - __main__ - INFO - 🔥 Initializing AEGIS-X Ultimate Master System...
2025-10-01 19:30:53,161 - __main__ - INFO - 🚀 AEGIS-X Ultimate Master System v7.0 initialized
2025-10-01 19:30:53,161 - __main__ - INFO - 📊 Payload Arsenal: 100,000 patterns loaded
2025-10-01 19:30:53,161 - __main__ - INFO - 🥷 Stealth Engine: 4 profiles available
2025-10-01 19:30:53,161 - __main__ - INFO - 🤖 AI Trainer: 9 methodologies loaded
2025-10-01 19:30:53,162 - __main__ - INFO - 🔥🔥🔥🔥🔥🔥🔥🔥🔥🔥🔥🔥🔥🔥🔥🔥🔥🔥🔥🔥🔥🔥🔥🔥🔥🔥🔥🔥🔥🔥🔥🔥🔥🔥🔥🔥🔥🔥🔥🔥🔥🔥🔥🔥🔥🔥🔥🔥🔥🔥🔥🔥🔥🔥🔥🔥🔥🔥🔥🔥
2025-10-01 19:30:53,162 - __main__ - INFO - 🚀 STARTING ULTIMATE AEGIS-X CAMPAIGN v7.0
2025-10-01 19:30:53,162 - __main__ - INFO - 🔥🔥🔥🔥🔥🔥🔥🔥🔥🔥🔥🔥🔥🔥🔥🔥🔥🔥🔥🔥🔥🔥🔥🔥🔥🔥🔥🔥🔥🔥🔥🔥🔥🔥🔥🔥🔥🔥🔥🔥🔥🔥🔥🔥🔥🔥🔥🔥🔥🔥🔥🔥🔥🔥🔥🔥🔥🔥🔥🔥
2025-10-01 19:30:53,162 - __main__ - INFO - 📊 Campaign ID: ultimate_campaign_1759347052
2025-10-01 19:30:53,162 - __main__ - INFO - 🎯 Target: http://localhost:12005
2025-10-01 19:30:53,162 - __main__ - INFO - ⏰ Time Limit: 5 minutes
2025-10-01 19:30:53,162 - __main__ - INFO - 🥷 Stealth Profile: ghost
2025-10-01 19:30:53,162 - __main__ - INFO - 🤖 AI Training: True
2025-10-01 19:30:53,162 - __main__ - INFO - 💀 Payload Arsenal: 100,000 patterns
2025-10-01 19:30:53,162 - __main__ - INFO - 🎯 Success Criteria: {'min_critical_vulns': 5, 'min_high_vulns': 10, 'min_medium_vulns': 25, 'min_total_vulns': 40, 'min_verified_rate': 0.8, 'min_confidence_score': 0.75, 'min_exploitability_score': 0.6, 'min_exceptional_vulns': 1}
2025-10-01 19:30:53,162 - __main__ - INFO - 💀 GUARANTEED TO FIND EXCEPTIONAL VULNERABILITIES
2025-10-01 19:30:53,162 - __main__ - INFO - 🔥🔥🔥🔥🔥🔥🔥🔥🔥🔥🔥🔥🔥🔥🔥🔥🔥🔥🔥🔥🔥🔥🔥🔥🔥🔥🔥🔥🔥🔥🔥🔥🔥🔥🔥🔥🔥🔥🔥🔥🔥🔥🔥🔥🔥🔥🔥🔥🔥🔥🔥🔥🔥🔥🔥🔥🔥🔥🔥🔥
2025-10-01 19:30:53,162 - AEGIS-X.EliteVulnerabilityEngine - INFO - 🔥 Elite Vulnerability Engine initialized
2025-10-01 19:30:53,162 - AEGIS-X.EliteVulnerabilityEngine - INFO - 🎯 Loaded 154 elite payloads
2025-10-01 19:30:53,162 - AEGIS-X.EliteVulnerabilityEngine - INFO - 🔍 Configured 16 reconnaissance techniques
2025-10-01 19:30:53,173 - __main__ - INFO - 💉 Injected 100,000 ultimate payloads into vulnerability engine
2025-10-01 19:30:53,175 - AEGIS-X.EliteVerificationEngine - INFO - 🔥 Elite Verification Engine initialized
2025-10-01 19:30:53,175 - AEGIS-X.EliteVerificationEngine - INFO - 🔍 Configured 6 verification layers
2025-10-01 19:30:53,175 - AEGIS-X.EliteVerificationEngine - INFO - 🎯 Loaded 10 vulnerability-specific techniques
2025-10-01 19:30:53,175 - __main__ - INFO - ⚡ All engines initialized successfully
2025-10-01 19:30:53,175 - core.stealth_evasion_engine - INFO - 🥷 Stealth profile set to: ghost
2025-10-01 19:30:53,175 - __main__ - INFO - 🤖 PHASE 1: AI AGENT TRAINING & RECONNAISSANCE
2025-10-01 19:30:53,175 - __main__ - INFO - 🤖 AI Agent provided 5 methodology recommendations
2025-10-01 19:30:53,175 - core.ai_agent_trainer - INFO - 🎯 Starting agent training with scenario: E-commerce Platform Assessment
2025-10-01 19:30:53,180 - __main__ - INFO - 🎯 AI Training completed: 100.0% success rate
2025-10-01 19:30:53,180 - __main__ - INFO - ⚡ PHASE 2: ULTIMATE VULNERABILITY DISCOVERY
2025-10-01 19:30:53,180 - AEGIS-X.EliteVulnerabilityEngine - INFO - 🔍 Starting elite reconnaissance for http://localhost:12005
2025-10-01 19:30:58,922 - AEGIS-X.EliteVulnerabilityEngine - ERROR - SSL certificate analysis failed: [Errno 99] Cannot assign requested address
2025-10-01 19:30:59,201 - AEGIS-X.EliteVulnerabilityEngine - INFO - 🔗 Found endpoint: http://localhost:12005/ (200)
2025-10-01 19:30:59,202 - AEGIS-X.EliteVulnerabilityEngine - INFO - 🔗 Found endpoint: http://localhost:12005/admin (200)
2025-10-01 19:30:59,233 - AEGIS-X.EliteVulnerabilityEngine - INFO - 🔗 Found endpoint: http://localhost:12005/search (200)
2025-10-01 19:30:59,264 - AEGIS-X.EliteVulnerabilityEngine - INFO - 🔍 Elite reconnaissance complete:
2025-10-01 19:30:59,264 - AEGIS-X.EliteVulnerabilityEngine - INFO -    🌐 Subdomains: 0
2025-10-01 19:30:59,264 - AEGIS-X.EliteVulnerabilityEngine - INFO -    🔗 Endpoints: 3
2025-10-01 19:30:59,265 - AEGIS-X.EliteVulnerabilityEngine - INFO -    📝 Parameters: 53
2025-10-01 19:30:59,265 - AEGIS-X.EliteVulnerabilityEngine - INFO -    🛠️ Technologies: 1
2025-10-01 19:30:59,265 - AEGIS-X.EliteVulnerabilityEngine - INFO -    📋 Forms: 3
2025-10-01 19:30:59,265 - AEGIS-X.EliteVulnerabilityEngine - INFO -    📄 Interesting files: 0
2025-10-01 19:30:59,265 - AEGIS-X.EliteVulnerabilityEngine - INFO - 🎯 Starting elite vulnerability testing for http://localhost:12005
2025-10-01 19:31:04,004 - AEGIS-X.EliteVulnerabilityEngine - INFO - 🎯 Elite vulnerability testing complete: 18 vulnerabilities found
2025-10-01 19:31:04,005 - __main__ - INFO - ⚡ Ultimate discovery complete: 18 vulnerabilities found
2025-10-01 19:31:04,009 - __main__ - INFO - 🧬 Payload mutations applied: 18 → 68 vulnerabilities
2025-10-01 19:31:04,010 - __main__ - INFO - 🔍 PHASE 3: ADVANCED VERIFICATION
2025-10-01 19:31:04,010 - AEGIS-X.EliteVerificationEngine - INFO - 🔍 Starting elite verification for vulnerability: Reflected XSS in q parameter
2025-10-01 19:31:04,295 - AEGIS-X.EliteVerificationEngine - INFO - ✅ Browser driver initialized for behavioral verification
2025-10-01 19:31:04,295 - AEGIS-X.EliteVerificationEngine - INFO - 🎯 Layer 1: Payload Validation
2025-10-01 19:31:04,298 - AEGIS-X.EliteVerificationEngine - INFO - 📊 Layer 2: Response Analysis
2025-10-01 19:31:04,299 - AEGIS-X.EliteVerificationEngine - INFO - 🌐 Layer 3: Behavioral Verification
2025-10-01 19:31:04,348 - AEGIS-X.EliteVerificationEngine - INFO - 💥 Layer 4: Impact Simulation
2025-10-01 19:31:04,348 - AEGIS-X.EliteVerificationEngine - INFO - 🔗 Layer 5: Exploit Chain Validation
2025-10-01 19:31:04,348 - AEGIS-X.EliteVerificationEngine - INFO - 🚫 Layer 6: False Positive Elimination
2025-10-01 19:31:04,348 - AEGIS-X.EliteVerificationEngine - INFO - 🎯 Vulnerability-specific verification for cross-site scripting (xss)
2025-10-01 19:31:04,348 - AEGIS-X.EliteVerificationEngine - INFO - ✅ Elite verification complete for xss_fd8547cf: True (confidence: 0.80)
2025-10-01 19:31:04,348 - AEGIS-X.EliteVerificationEngine - INFO - 🔍 Starting elite verification for vulnerability: Reflected XSS in q parameter
2025-10-01 19:31:04,348 - AEGIS-X.EliteVerificationEngine - INFO - 🎯 Layer 1: Payload Validation
2025-10-01 19:31:04,349 - AEGIS-X.EliteVerificationEngine - INFO - 📊 Layer 2: Response Analysis
2025-10-01 19:31:04,350 - AEGIS-X.EliteVerificationEngine - INFO - 🌐 Layer 3: Behavioral Verification
2025-10-01 19:31:04,356 - AEGIS-X.EliteVerificationEngine - INFO - 💥 Layer 4: Impact Simulation
2025-10-01 19:31:04,357 - AEGIS-X.EliteVerificationEngine - INFO - 🔗 Layer 5: Exploit Chain Validation
2025-10-01 19:31:04,357 - AEGIS-X.EliteVerificationEngine - INFO - 🚫 Layer 6: False Positive Elimination
2025-10-01 19:31:04,357 - AEGIS-X.EliteVerificationEngine - INFO - 🎯 Vulnerability-specific verification for cross-site scripting (xss)
2025-10-01 19:31:04,357 - AEGIS-X.EliteVerificationEngine - INFO - ✅ Elite verification complete for xss_1858ce13: True (confidence: 0.80)
2025-10-01 19:31:04,357 - AEGIS-X.EliteVerificationEngine - INFO - 🔍 Starting elite verification for vulnerability: Reflected XSS in q parameter
2025-10-01 19:31:04,357 - AEGIS-X.EliteVerificationEngine - INFO - 🎯 Layer 1: Payload Validation
2025-10-01 19:31:04,358 - AEGIS-X.EliteVerificationEngine - INFO - 📊 Layer 2: Response Analysis
2025-10-01 19:31:04,359 - AEGIS-X.EliteVerificationEngine - INFO - 🌐 Layer 3: Behavioral Verification
2025-10-01 19:31:04,396 - AEGIS-X.EliteVerificationEngine - INFO - 💥 Layer 4: Impact Simulation
2025-10-01 19:31:04,396 - AEGIS-X.EliteVerificationEngine - INFO - 🔗 Layer 5: Exploit Chain Validation
2025-10-01 19:31:04,396 - AEGIS-X.EliteVerificationEngine - INFO - 🚫 Layer 6: False Positive Elimination
2025-10-01 19:31:04,396 - AEGIS-X.EliteVerificationEngine - INFO - 🎯 Vulnerability-specific verification for cross-site scripting (xss)
2025-10-01 19:31:04,396 - AEGIS-X.EliteVerificationEngine - INFO - ✅ Elite verification complete for xss_817f8f8b: True (confidence: 0.80)
2025-10-01 19:31:04,396 - AEGIS-X.EliteVerificationEngine - INFO - 🔍 Starting elite verification for vulnerability: Reflected XSS in q parameter
2025-10-01 19:31:04,396 - AEGIS-X.EliteVerificationEngine - INFO - 🎯 Layer 1: Payload Validation
2025-10-01 19:31:34,857 - AEGIS-X.EliteVerificationEngine - INFO - 📊 Layer 2: Response Analysis
2025-10-01 19:32:05,856 - AEGIS-X.EliteVerificationEngine - INFO - 🌐 Layer 3: Behavioral Verification
2025-10-01 19:32:05,863 - AEGIS-X.EliteVerificationEngine - INFO - 💥 Layer 4: Impact Simulation
2025-10-01 19:32:05,863 - AEGIS-X.EliteVerificationEngine - INFO - 🔗 Layer 5: Exploit Chain Validation
2025-10-01 19:32:05,863 - AEGIS-X.EliteVerificationEngine - INFO - 🚫 Layer 6: False Positive Elimination
2025-10-01 19:32:05,863 - AEGIS-X.EliteVerificationEngine - INFO - 🎯 Vulnerability-specific verification for cross-site scripting (xss)
2025-10-01 19:32:05,863 - AEGIS-X.EliteVerificationEngine - INFO - ✅ Elite verification complete for xss_4ea2abf7: False (confidence: 0.00)
2025-10-01 19:32:05,863 - AEGIS-X.EliteVerificationEngine - INFO - 🔍 Starting elite verification for vulnerability: Reflected XSS in q parameter
2025-10-01 19:32:05,863 - AEGIS-X.EliteVerificationEngine - INFO - 🎯 Layer 1: Payload Validation
2025-10-01 19:32:07,572 - AEGIS-X.EliteVerificationEngine - INFO - 📊 Layer 2: Response Analysis
2025-10-01 19:32:07,573 - AEGIS-X.EliteVerificationEngine - INFO - 🌐 Layer 3: Behavioral Verification
2025-10-01 19:32:07,608 - AEGIS-X.EliteVerificationEngine - INFO - 💥 Layer 4: Impact Simulation
2025-10-01 19:32:07,608 - AEGIS-X.EliteVerificationEngine - INFO - 🔗 Layer 5: Exploit Chain Validation
2025-10-01 19:32:07,608 - AEGIS-X.EliteVerificationEngine - INFO - 🚫 Layer 6: False Positive Elimination
2025-10-01 19:32:07,608 - AEGIS-X.EliteVerificationEngine - INFO - 🎯 Vulnerability-specific verification for cross-site scripting (xss)
2025-10-01 19:32:07,608 - AEGIS-X.EliteVerificationEngine - INFO - ✅ Elite verification complete for xss_8949a6d1: True (confidence: 0.80)
2025-10-01 19:32:07,608 - AEGIS-X.EliteVerificationEngine - INFO - 🔍 Starting elite verification for vulnerability: Reflected XSS in q parameter
2025-10-01 19:32:07,608 - AEGIS-X.EliteVerificationEngine - INFO - 🎯 Layer 1: Payload Validation
2025-10-01 19:32:07,609 - AEGIS-X.EliteVerificationEngine - INFO - 📊 Layer 2: Response Analysis
2025-10-01 19:32:07,610 - AEGIS-X.EliteVerificationEngine - INFO - 🌐 Layer 3: Behavioral Verification
2025-10-01 19:32:07,617 - AEGIS-X.EliteVerificationEngine - INFO - 💥 Layer 4: Impact Simulation
2025-10-01 19:32:07,617 - AEGIS-X.EliteVerificationEngine - INFO - 🔗 Layer 5: Exploit Chain Validation
2025-10-01 19:32:07,617 - AEGIS-X.EliteVerificationEngine - INFO - 🚫 Layer 6: False Positive Elimination
2025-10-01 19:32:07,617 - AEGIS-X.EliteVerificationEngine - INFO - 🎯 Vulnerability-specific verification for cross-site scripting (xss)
2025-10-01 19:32:07,617 - AEGIS-X.EliteVerificationEngine - INFO - ✅ Elite verification complete for xss_f6bbc2ab: True (confidence: 0.80)
2025-10-01 19:32:07,617 - AEGIS-X.EliteVerificationEngine - INFO - 🔍 Starting elite verification for vulnerability: Reflected XSS in q parameter
2025-10-01 19:32:07,617 - AEGIS-X.EliteVerificationEngine - INFO - 🎯 Layer 1: Payload Validation
2025-10-01 19:32:07,618 - AEGIS-X.EliteVerificationEngine - INFO - 📊 Layer 2: Response Analysis
2025-10-01 19:32:07,619 - AEGIS-X.EliteVerificationEngine - INFO - 🌐 Layer 3: Behavioral Verification
2025-10-01 19:32:07,653 - AEGIS-X.EliteVerificationEngine - INFO - 💥 Layer 4: Impact Simulation
2025-10-01 19:32:07,654 - AEGIS-X.EliteVerificationEngine - INFO - 🔗 Layer 5: Exploit Chain Validation
2025-10-01 19:32:07,654 - AEGIS-X.EliteVerificationEngine - INFO - 🚫 Layer 6: False Positive Elimination
2025-10-01 19:32:07,654 - AEGIS-X.EliteVerificationEngine - INFO - 🎯 Vulnerability-specific verification for cross-site scripting (xss)
2025-10-01 19:32:07,654 - AEGIS-X.EliteVerificationEngine - INFO - ✅ Elite verification complete for xss_0e1c88df: True (confidence: 0.80)
2025-10-01 19:32:07,654 - AEGIS-X.EliteVerificationEngine - INFO - 🔍 Starting elite verification for vulnerability: Reflected XSS in q parameter
2025-10-01 19:32:07,654 - AEGIS-X.EliteVerificationEngine - INFO - 🎯 Layer 1: Payload Validation
2025-10-01 19:32:07,655 - AEGIS-X.EliteVerificationEngine - INFO - 📊 Layer 2: Response Analysis
2025-10-01 19:32:07,656 - AEGIS-X.EliteVerificationEngine - INFO - 🌐 Layer 3: Behavioral Verification
2025-10-01 19:32:07,664 - AEGIS-X.EliteVerificationEngine - INFO - 💥 Layer 4: Impact Simulation
2025-10-01 19:32:07,664 - AEGIS-X.EliteVerificationEngine - INFO - 🔗 Layer 5: Exploit Chain Validation
2025-10-01 19:32:07,664 - AEGIS-X.EliteVerificationEngine - INFO - 🚫 Layer 6: False Positive Elimination
2025-10-01 19:32:07,664 - AEGIS-X.EliteVerificationEngine - INFO - 🎯 Vulnerability-specific verification for cross-site scripting (xss)
2025-10-01 19:32:07,664 - AEGIS-X.EliteVerificationEngine - INFO - ✅ Elite verification complete for xss_ab19f9ed: True (confidence: 0.80)
2025-10-01 19:32:07,664 - AEGIS-X.EliteVerificationEngine - INFO - 🔍 Starting elite verification for vulnerability: Reflected XSS in q parameter
2025-10-01 19:32:07,664 - AEGIS-X.EliteVerificationEngine - INFO - 🎯 Layer 1: Payload Validation
2025-10-01 19:32:07,666 - AEGIS-X.EliteVerificationEngine - INFO - 📊 Layer 2: Response Analysis
2025-10-01 19:32:07,667 - AEGIS-X.EliteVerificationEngine - INFO - 🌐 Layer 3: Behavioral Verification
2025-10-01 19:32:07,703 - AEGIS-X.EliteVerificationEngine - INFO - 💥 Layer 4: Impact Simulation
2025-10-01 19:32:07,703 - AEGIS-X.EliteVerificationEngine - INFO - 🔗 Layer 5: Exploit Chain Validation
2025-10-01 19:32:07,703 - AEGIS-X.EliteVerificationEngine - INFO - 🚫 Layer 6: False Positive Elimination
2025-10-01 19:32:07,703 - AEGIS-X.EliteVerificationEngine - INFO - 🎯 Vulnerability-specific verification for cross-site scripting (xss)
2025-10-01 19:32:07,703 - AEGIS-X.EliteVerificationEngine - INFO - ✅ Elite verification complete for xss_24fcc852: True (confidence: 0.80)
2025-10-01 19:32:07,703 - AEGIS-X.EliteVerificationEngine - INFO - 🔍 Starting elite verification for vulnerability: Reflected XSS in q parameter
2025-10-01 19:32:07,703 - AEGIS-X.EliteVerificationEngine - INFO - 🎯 Layer 1: Payload Validation
2025-10-01 19:32:07,705 - AEGIS-X.EliteVerificationEngine - INFO - 📊 Layer 2: Response Analysis
2025-10-01 19:32:07,705 - AEGIS-X.EliteVerificationEngine - INFO - 🌐 Layer 3: Behavioral Verification
2025-10-01 19:32:07,711 - AEGIS-X.EliteVerificationEngine - INFO - 💥 Layer 4: Impact Simulation
2025-10-01 19:32:07,711 - AEGIS-X.EliteVerificationEngine - INFO - 🔗 Layer 5: Exploit Chain Validation
2025-10-01 19:32:07,711 - AEGIS-X.EliteVerificationEngine - INFO - 🚫 Layer 6: False Positive Elimination
2025-10-01 19:32:07,711 - AEGIS-X.EliteVerificationEngine - INFO - 🎯 Vulnerability-specific verification for cross-site scripting (xss)
2025-10-01 19:32:07,711 - AEGIS-X.EliteVerificationEngine - INFO - ✅ Elite verification complete for xss_41de20be: True (confidence: 0.80)
2025-10-01 19:32:07,711 - AEGIS-X.EliteVerificationEngine - INFO - 🔍 Starting elite verification for vulnerability: Reflected XSS in q parameter
2025-10-01 19:32:07,711 - AEGIS-X.EliteVerificationEngine - INFO - 🎯 Layer 1: Payload Validation
2025-10-01 19:32:07,712 - AEGIS-X.EliteVerificationEngine - INFO - 📊 Layer 2: Response Analysis
2025-10-01 19:32:07,713 - AEGIS-X.EliteVerificationEngine - INFO - 🌐 Layer 3: Behavioral Verification
2025-10-01 19:32:07,751 - AEGIS-X.EliteVerificationEngine - INFO - 💥 Layer 4: Impact Simulation
2025-10-01 19:32:07,751 - AEGIS-X.EliteVerificationEngine - INFO - 🔗 Layer 5: Exploit Chain Validation
2025-10-01 19:32:07,751 - AEGIS-X.EliteVerificationEngine - INFO - 🚫 Layer 6: False Positive Elimination
2025-10-01 19:32:07,751 - AEGIS-X.EliteVerificationEngine - INFO - 🎯 Vulnerability-specific verification for cross-site scripting (xss)
2025-10-01 19:32:07,751 - AEGIS-X.EliteVerificationEngine - INFO - ✅ Elite verification complete for xss_33fb12e7: True (confidence: 0.80)
2025-10-01 19:32:07,751 - AEGIS-X.EliteVerificationEngine - INFO - 🔍 Starting elite verification for vulnerability: Reflected XSS in q parameter
2025-10-01 19:32:07,752 - AEGIS-X.EliteVerificationEngine - INFO - 🎯 Layer 1: Payload Validation
2025-10-01 19:32:07,753 - AEGIS-X.EliteVerificationEngine - INFO - 📊 Layer 2: Response Analysis
2025-10-01 19:32:07,754 - AEGIS-X.EliteVerificationEngine - INFO - 🌐 Layer 3: Behavioral Verification
2025-10-01 19:32:07,759 - AEGIS-X.EliteVerificationEngine - INFO - 💥 Layer 4: Impact Simulation
2025-10-01 19:32:07,760 - AEGIS-X.EliteVerificationEngine - INFO - 🔗 Layer 5: Exploit Chain Validation
2025-10-01 19:32:07,760 - AEGIS-X.EliteVerificationEngine - INFO - 🚫 Layer 6: False Positive Elimination
2025-10-01 19:32:07,760 - AEGIS-X.EliteVerificationEngine - INFO - 🎯 Vulnerability-specific verification for cross-site scripting (xss)
2025-10-01 19:32:07,760 - AEGIS-X.EliteVerificationEngine - INFO - ✅ Elite verification complete for xss_f5575303: True (confidence: 0.80)
2025-10-01 19:32:07,760 - AEGIS-X.EliteVerificationEngine - INFO - 🔍 Starting elite verification for vulnerability: Reflected XSS in q parameter
2025-10-01 19:32:07,760 - AEGIS-X.EliteVerificationEngine - INFO - 🎯 Layer 1: Payload Validation
2025-10-01 19:32:07,761 - AEGIS-X.EliteVerificationEngine - INFO - 📊 Layer 2: Response Analysis
2025-10-01 19:32:07,762 - AEGIS-X.EliteVerificationEngine - INFO - 🌐 Layer 3: Behavioral Verification
2025-10-01 19:32:07,806 - AEGIS-X.EliteVerificationEngine - INFO - 💥 Layer 4: Impact Simulation
2025-10-01 19:32:07,806 - AEGIS-X.EliteVerificationEngine - INFO - 🔗 Layer 5: Exploit Chain Validation
2025-10-01 19:32:07,806 - AEGIS-X.EliteVerificationEngine - INFO - 🚫 Layer 6: False Positive Elimination
2025-10-01 19:32:07,806 - AEGIS-X.EliteVerificationEngine - INFO - 🎯 Vulnerability-specific verification for cross-site scripting (xss)
2025-10-01 19:32:07,806 - AEGIS-X.EliteVerificationEngine - INFO - ✅ Elite verification complete for xss_4d29ce54: True (confidence: 0.80)
2025-10-01 19:32:07,806 - AEGIS-X.EliteVerificationEngine - INFO - 🔍 Starting elite verification for vulnerability: Reflected XSS in q parameter
2025-10-01 19:32:07,806 - AEGIS-X.EliteVerificationEngine - INFO - 🎯 Layer 1: Payload Validation
2025-10-01 19:32:07,808 - AEGIS-X.EliteVerificationEngine - INFO - 📊 Layer 2: Response Analysis
2025-10-01 19:32:07,808 - AEGIS-X.EliteVerificationEngine - INFO - 🌐 Layer 3: Behavioral Verification
2025-10-01 19:32:07,817 - AEGIS-X.EliteVerificationEngine - INFO - 💥 Layer 4: Impact Simulation
2025-10-01 19:32:07,817 - AEGIS-X.EliteVerificationEngine - INFO - 🔗 Layer 5: Exploit Chain Validation
2025-10-01 19:32:07,817 - AEGIS-X.EliteVerificationEngine - INFO - 🚫 Layer 6: False Positive Elimination
2025-10-01 19:32:07,817 - AEGIS-X.EliteVerificationEngine - INFO - 🎯 Vulnerability-specific verification for cross-site scripting (xss)
2025-10-01 19:32:07,817 - AEGIS-X.EliteVerificationEngine - INFO - ✅ Elite verification complete for xss_d3646806: True (confidence: 0.80)
2025-10-01 19:32:07,817 - AEGIS-X.EliteVerificationEngine - INFO - 🔍 Starting elite verification for vulnerability: Reflected XSS in q parameter
2025-10-01 19:32:07,817 - AEGIS-X.EliteVerificationEngine - INFO - 🎯 Layer 1: Payload Validation
2025-10-01 19:32:07,819 - AEGIS-X.EliteVerificationEngine - INFO - 📊 Layer 2: Response Analysis
2025-10-01 19:32:07,819 - AEGIS-X.EliteVerificationEngine - INFO - 🌐 Layer 3: Behavioral Verification
2025-10-01 19:32:07,857 - AEGIS-X.EliteVerificationEngine - INFO - 💥 Layer 4: Impact Simulation
2025-10-01 19:32:07,857 - AEGIS-X.EliteVerificationEngine - INFO - 🔗 Layer 5: Exploit Chain Validation
2025-10-01 19:32:07,857 - AEGIS-X.EliteVerificationEngine - INFO - 🚫 Layer 6: False Positive Elimination
2025-10-01 19:32:07,857 - AEGIS-X.EliteVerificationEngine - INFO - 🎯 Vulnerability-specific verification for cross-site scripting (xss)
2025-10-01 19:32:07,857 - AEGIS-X.EliteVerificationEngine - INFO - ✅ Elite verification complete for xss_d49ddb7c: True (confidence: 0.80)
2025-10-01 19:32:07,857 - AEGIS-X.EliteVerificationEngine - INFO - 🔍 Starting elite verification for vulnerability: Reflected XSS in q parameter
2025-10-01 19:32:07,857 - AEGIS-X.EliteVerificationEngine - INFO - 🎯 Layer 1: Payload Validation
2025-10-01 19:32:07,858 - AEGIS-X.EliteVerificationEngine - INFO - 📊 Layer 2: Response Analysis
2025-10-01 19:32:07,859 - AEGIS-X.EliteVerificationEngine - INFO - 🌐 Layer 3: Behavioral Verification
2025-10-01 19:32:07,868 - AEGIS-X.EliteVerificationEngine - INFO - 💥 Layer 4: Impact Simulation
2025-10-01 19:32:07,868 - AEGIS-X.EliteVerificationEngine - INFO - 🔗 Layer 5: Exploit Chain Validation
2025-10-01 19:32:07,868 - AEGIS-X.EliteVerificationEngine - INFO - 🚫 Layer 6: False Positive Elimination
2025-10-01 19:32:07,868 - AEGIS-X.EliteVerificationEngine - INFO - 🎯 Vulnerability-specific verification for cross-site scripting (xss)
2025-10-01 19:32:07,868 - AEGIS-X.EliteVerificationEngine - INFO - ✅ Elite verification complete for xss_4915a4a2: True (confidence: 0.80)
2025-10-01 19:32:07,868 - AEGIS-X.EliteVerificationEngine - INFO - 🔍 Starting elite verification for vulnerability: Reflected XSS in q parameter
2025-10-01 19:32:07,868 - AEGIS-X.EliteVerificationEngine - INFO - 🎯 Layer 1: Payload Validation
2025-10-01 19:32:07,870 - AEGIS-X.EliteVerificationEngine - INFO - 📊 Layer 2: Response Analysis
2025-10-01 19:32:07,871 - AEGIS-X.EliteVerificationEngine - INFO - 🌐 Layer 3: Behavioral Verification
2025-10-01 19:32:07,908 - AEGIS-X.EliteVerificationEngine - INFO - 💥 Layer 4: Impact Simulation
2025-10-01 19:32:07,908 - AEGIS-X.EliteVerificationEngine - INFO - 🔗 Layer 5: Exploit Chain Validation
2025-10-01 19:32:07,908 - AEGIS-X.EliteVerificationEngine - INFO - 🚫 Layer 6: False Positive Elimination
2025-10-01 19:32:07,908 - AEGIS-X.EliteVerificationEngine - INFO - 🎯 Vulnerability-specific verification for cross-site scripting (xss)
2025-10-01 19:32:07,909 - AEGIS-X.EliteVerificationEngine - INFO - ✅ Elite verification complete for xss_77e01d25: True (confidence: 0.80)
2025-10-01 19:32:07,909 - AEGIS-X.EliteVerificationEngine - INFO - 🔍 Starting elite verification for vulnerability: Missing Security Headers
2025-10-01 19:32:07,909 - AEGIS-X.EliteVerificationEngine - INFO - 🎯 Layer 1: Payload Validation
2025-10-01 19:32:07,909 - AEGIS-X.EliteVerificationEngine - INFO - 📊 Layer 2: Response Analysis
2025-10-01 19:32:07,910 - AEGIS-X.EliteVerificationEngine - INFO - 🌐 Layer 3: Behavioral Verification
2025-10-01 19:32:07,917 - AEGIS-X.EliteVerificationEngine - INFO - 💥 Layer 4: Impact Simulation
2025-10-01 19:32:07,917 - AEGIS-X.EliteVerificationEngine - INFO - 🔗 Layer 5: Exploit Chain Validation
2025-10-01 19:32:07,917 - AEGIS-X.EliteVerificationEngine - INFO - 🚫 Layer 6: False Positive Elimination
2025-10-01 19:32:07,918 - AEGIS-X.EliteVerificationEngine - INFO - ✅ Elite verification complete for missing_headers_2e7a9454: True (confidence: 0.80)
2025-10-01 19:32:07,918 - AEGIS-X.EliteVerificationEngine - INFO - 🔍 Starting elite verification for vulnerability: Reflected XSS in q parameter
2025-10-01 19:32:07,918 - AEGIS-X.EliteVerificationEngine - INFO - 🎯 Layer 1: Payload Validation
2025-10-01 19:32:07,918 - AEGIS-X.EliteVerificationEngine - INFO - 📊 Layer 2: Response Analysis
2025-10-01 19:32:07,919 - AEGIS-X.EliteVerificationEngine - INFO - 🌐 Layer 3: Behavioral Verification
2025-10-01 19:32:07,954 - AEGIS-X.EliteVerificationEngine - INFO - 💥 Layer 4: Impact Simulation
2025-10-01 19:32:07,954 - AEGIS-X.EliteVerificationEngine - INFO - 🔗 Layer 5: Exploit Chain Validation
2025-10-01 19:32:07,954 - AEGIS-X.EliteVerificationEngine - INFO - 🚫 Layer 6: False Positive Elimination
2025-10-01 19:32:07,954 - AEGIS-X.EliteVerificationEngine - INFO - 🎯 Vulnerability-specific verification for cross-site scripting (xss)
2025-10-01 19:32:07,954 - AEGIS-X.EliteVerificationEngine - INFO - ✅ Elite verification complete for mutated_xss_fd8547cf_0: False (confidence: 0.35)
2025-10-01 19:32:07,954 - AEGIS-X.EliteVerificationEngine - INFO - 🔍 Starting elite verification for vulnerability: Reflected XSS in q parameter
2025-10-01 19:32:07,954 - AEGIS-X.EliteVerificationEngine - INFO - 🎯 Layer 1: Payload Validation
2025-10-01 19:32:07,954 - AEGIS-X.EliteVerificationEngine - INFO - 📊 Layer 2: Response Analysis
2025-10-01 19:32:07,956 - AEGIS-X.EliteVerificationEngine - INFO - 🌐 Layer 3: Behavioral Verification
2025-10-01 19:32:07,967 - AEGIS-X.EliteVerificationEngine - INFO - 💥 Layer 4: Impact Simulation
2025-10-01 19:32:07,967 - AEGIS-X.EliteVerificationEngine - INFO - 🔗 Layer 5: Exploit Chain Validation
2025-10-01 19:32:07,967 - AEGIS-X.EliteVerificationEngine - INFO - 🚫 Layer 6: False Positive Elimination
2025-10-01 19:32:07,967 - AEGIS-X.EliteVerificationEngine - INFO - 🎯 Vulnerability-specific verification for cross-site scripting (xss)
2025-10-01 19:32:07,967 - AEGIS-X.EliteVerificationEngine - INFO - ✅ Elite verification complete for mutated_xss_fd8547cf_1: False (confidence: 0.35)
2025-10-01 19:32:07,967 - AEGIS-X.EliteVerificationEngine - INFO - 🔍 Starting elite verification for vulnerability: Reflected XSS in q parameter
2025-10-01 19:32:07,967 - AEGIS-X.EliteVerificationEngine - INFO - 🎯 Layer 1: Payload Validation
2025-10-01 19:32:07,967 - AEGIS-X.EliteVerificationEngine - INFO - 📊 Layer 2: Response Analysis
2025-10-01 19:32:07,969 - AEGIS-X.EliteVerificationEngine - INFO - 🌐 Layer 3: Behavioral Verification
2025-10-01 19:32:08,001 - AEGIS-X.EliteVerificationEngine - INFO - 💥 Layer 4: Impact Simulation
2025-10-01 19:32:08,001 - AEGIS-X.EliteVerificationEngine - INFO - 🔗 Layer 5: Exploit Chain Validation
2025-10-01 19:32:08,001 - AEGIS-X.EliteVerificationEngine - INFO - 🚫 Layer 6: False Positive Elimination
2025-10-01 19:32:08,001 - AEGIS-X.EliteVerificationEngine - INFO - 🎯 Vulnerability-specific verification for cross-site scripting (xss)
2025-10-01 19:32:08,001 - AEGIS-X.EliteVerificationEngine - INFO - ✅ Elite verification complete for mutated_xss_fd8547cf_2: False (confidence: 0.35)
2025-10-01 19:32:08,001 - AEGIS-X.EliteVerificationEngine - INFO - 🔍 Starting elite verification for vulnerability: Reflected XSS in q parameter
2025-10-01 19:32:08,001 - AEGIS-X.EliteVerificationEngine - INFO - 🎯 Layer 1: Payload Validation
2025-10-01 19:32:08,001 - AEGIS-X.EliteVerificationEngine - INFO - 📊 Layer 2: Response Analysis
2025-10-01 19:32:08,003 - AEGIS-X.EliteVerificationEngine - INFO - 🌐 Layer 3: Behavioral Verification
2025-10-01 19:32:08,009 - AEGIS-X.EliteVerificationEngine - INFO - 💥 Layer 4: Impact Simulation
2025-10-01 19:32:08,009 - AEGIS-X.EliteVerificationEngine - INFO - 🔗 Layer 5: Exploit Chain Validation
2025-10-01 19:32:08,009 - AEGIS-X.EliteVerificationEngine - INFO - 🚫 Layer 6: False Positive Elimination
2025-10-01 19:32:08,009 - AEGIS-X.EliteVerificationEngine - INFO - 🎯 Vulnerability-specific verification for cross-site scripting (xss)
2025-10-01 19:32:08,009 - AEGIS-X.EliteVerificationEngine - INFO - ✅ Elite verification complete for mutated_xss_fd8547cf_3: False (confidence: 0.35)
2025-10-01 19:32:08,009 - AEGIS-X.EliteVerificationEngine - INFO - 🔍 Starting elite verification for vulnerability: Reflected XSS in q parameter
2025-10-01 19:32:08,009 - AEGIS-X.EliteVerificationEngine - INFO - 🎯 Layer 1: Payload Validation
2025-10-01 19:32:08,009 - AEGIS-X.EliteVerificationEngine - INFO - 📊 Layer 2: Response Analysis
2025-10-01 19:32:08,010 - AEGIS-X.EliteVerificationEngine - INFO - 🌐 Layer 3: Behavioral Verification
2025-10-01 19:32:08,041 - AEGIS-X.EliteVerificationEngine - INFO - 💥 Layer 4: Impact Simulation
2025-10-01 19:32:08,041 - AEGIS-X.EliteVerificationEngine - INFO - 🔗 Layer 5: Exploit Chain Validation
2025-10-01 19:32:08,041 - AEGIS-X.EliteVerificationEngine - INFO - 🚫 Layer 6: False Positive Elimination
2025-10-01 19:32:08,041 - AEGIS-X.EliteVerificationEngine - INFO - 🎯 Vulnerability-specific verification for cross-site scripting (xss)
2025-10-01 19:32:08,041 - AEGIS-X.EliteVerificationEngine - INFO - ✅ Elite verification complete for mutated_xss_fd8547cf_4: False (confidence: 0.35)
2025-10-01 19:32:08,041 - AEGIS-X.EliteVerificationEngine - INFO - 🔍 Starting elite verification for vulnerability: Reflected XSS in q parameter
2025-10-01 19:32:08,041 - AEGIS-X.EliteVerificationEngine - INFO - 🎯 Layer 1: Payload Validation
2025-10-01 19:32:08,041 - AEGIS-X.EliteVerificationEngine - INFO - 📊 Layer 2: Response Analysis
2025-10-01 19:32:08,042 - AEGIS-X.EliteVerificationEngine - INFO - 🌐 Layer 3: Behavioral Verification
2025-10-01 19:32:08,048 - AEGIS-X.EliteVerificationEngine - INFO - 💥 Layer 4: Impact Simulation
2025-10-01 19:32:08,048 - AEGIS-X.EliteVerificationEngine - INFO - 🔗 Layer 5: Exploit Chain Validation
2025-10-01 19:32:08,048 - AEGIS-X.EliteVerificationEngine - INFO - 🚫 Layer 6: False Positive Elimination
2025-10-01 19:32:08,048 - AEGIS-X.EliteVerificationEngine - INFO - 🎯 Vulnerability-specific verification for cross-site scripting (xss)
2025-10-01 19:32:08,048 - AEGIS-X.EliteVerificationEngine - INFO - ✅ Elite verification complete for mutated_xss_1858ce13_5: False (confidence: 0.35)
2025-10-01 19:32:08,049 - AEGIS-X.EliteVerificationEngine - INFO - 🔍 Starting elite verification for vulnerability: Reflected XSS in q parameter
2025-10-01 19:32:08,049 - AEGIS-X.EliteVerificationEngine - INFO - 🎯 Layer 1: Payload Validation
2025-10-01 19:32:08,049 - AEGIS-X.EliteVerificationEngine - INFO - 📊 Layer 2: Response Analysis
2025-10-01 19:32:08,050 - AEGIS-X.EliteVerificationEngine - INFO - 🌐 Layer 3: Behavioral Verification
2025-10-01 19:32:08,089 - AEGIS-X.EliteVerificationEngine - INFO - 💥 Layer 4: Impact Simulation
2025-10-01 19:32:08,090 - AEGIS-X.EliteVerificationEngine - INFO - 🔗 Layer 5: Exploit Chain Validation
2025-10-01 19:32:08,090 - AEGIS-X.EliteVerificationEngine - INFO - 🚫 Layer 6: False Positive Elimination
2025-10-01 19:32:08,090 - AEGIS-X.EliteVerificationEngine - INFO - 🎯 Vulnerability-specific verification for cross-site scripting (xss)
2025-10-01 19:32:08,090 - AEGIS-X.EliteVerificationEngine - INFO - ✅ Elite verification complete for mutated_xss_1858ce13_6: False (confidence: 0.35)
2025-10-01 19:32:08,090 - AEGIS-X.EliteVerificationEngine - INFO - 🔍 Starting elite verification for vulnerability: Reflected XSS in q parameter
2025-10-01 19:32:08,090 - AEGIS-X.EliteVerificationEngine - INFO - 🎯 Layer 1: Payload Validation
2025-10-01 19:32:08,090 - AEGIS-X.EliteVerificationEngine - INFO - 📊 Layer 2: Response Analysis
2025-10-01 19:32:08,091 - AEGIS-X.EliteVerificationEngine - INFO - 🌐 Layer 3: Behavioral Verification
2025-10-01 19:32:08,100 - AEGIS-X.EliteVerificationEngine - INFO - 💥 Layer 4: Impact Simulation
2025-10-01 19:32:08,101 - AEGIS-X.EliteVerificationEngine - INFO - 🔗 Layer 5: Exploit Chain Validation
2025-10-01 19:32:08,101 - AEGIS-X.EliteVerificationEngine - INFO - 🚫 Layer 6: False Positive Elimination
2025-10-01 19:32:08,101 - AEGIS-X.EliteVerificationEngine - INFO - 🎯 Vulnerability-specific verification for cross-site scripting (xss)
2025-10-01 19:32:08,101 - AEGIS-X.EliteVerificationEngine - INFO - ✅ Elite verification complete for mutated_xss_1858ce13_7: False (confidence: 0.35)
2025-10-01 19:32:08,101 - AEGIS-X.EliteVerificationEngine - INFO - 🔍 Starting elite verification for vulnerability: Reflected XSS in q parameter
2025-10-01 19:32:08,101 - AEGIS-X.EliteVerificationEngine - INFO - 🎯 Layer 1: Payload Validation
2025-10-01 19:32:08,101 - AEGIS-X.EliteVerificationEngine - INFO - 📊 Layer 2: Response Analysis
2025-10-01 19:32:08,102 - AEGIS-X.EliteVerificationEngine - INFO - 🌐 Layer 3: Behavioral Verification
2025-10-01 19:32:08,138 - AEGIS-X.EliteVerificationEngine - INFO - 💥 Layer 4: Impact Simulation
2025-10-01 19:32:08,138 - AEGIS-X.EliteVerificationEngine - INFO - 🔗 Layer 5: Exploit Chain Validation
2025-10-01 19:32:08,138 - AEGIS-X.EliteVerificationEngine - INFO - 🚫 Layer 6: False Positive Elimination
2025-10-01 19:32:08,138 - AEGIS-X.EliteVerificationEngine - INFO - 🎯 Vulnerability-specific verification for cross-site scripting (xss)
2025-10-01 19:32:08,138 - AEGIS-X.EliteVerificationEngine - INFO - ✅ Elite verification complete for mutated_xss_1858ce13_8: False (confidence: 0.35)
2025-10-01 19:32:08,138 - AEGIS-X.EliteVerificationEngine - INFO - 🔍 Starting elite verification for vulnerability: Reflected XSS in q parameter
2025-10-01 19:32:08,138 - AEGIS-X.EliteVerificationEngine - INFO - 🎯 Layer 1: Payload Validation
2025-10-01 19:32:08,139 - AEGIS-X.EliteVerificationEngine - INFO - 📊 Layer 2: Response Analysis
2025-10-01 19:32:08,140 - AEGIS-X.EliteVerificationEngine - INFO - 🌐 Layer 3: Behavioral Verification
2025-10-01 19:32:08,147 - AEGIS-X.EliteVerificationEngine - INFO - 💥 Layer 4: Impact Simulation
2025-10-01 19:32:08,147 - AEGIS-X.EliteVerificationEngine - INFO - 🔗 Layer 5: Exploit Chain Validation
2025-10-01 19:32:08,147 - AEGIS-X.EliteVerificationEngine - INFO - 🚫 Layer 6: False Positive Elimination
2025-10-01 19:32:08,147 - AEGIS-X.EliteVerificationEngine - INFO - 🎯 Vulnerability-specific verification for cross-site scripting (xss)
2025-10-01 19:32:08,148 - AEGIS-X.EliteVerificationEngine - INFO - ✅ Elite verification complete for mutated_xss_1858ce13_9: False (confidence: 0.35)
2025-10-01 19:32:08,148 - AEGIS-X.EliteVerificationEngine - INFO - 🔍 Starting elite verification for vulnerability: Reflected XSS in q parameter
2025-10-01 19:32:08,148 - AEGIS-X.EliteVerificationEngine - INFO - 🎯 Layer 1: Payload Validation
2025-10-01 19:32:08,148 - AEGIS-X.EliteVerificationEngine - INFO - 📊 Layer 2: Response Analysis
2025-10-01 19:32:08,149 - AEGIS-X.EliteVerificationEngine - INFO - 🌐 Layer 3: Behavioral Verification
2025-10-01 19:32:08,185 - AEGIS-X.EliteVerificationEngine - INFO - 💥 Layer 4: Impact Simulation
2025-10-01 19:32:08,186 - AEGIS-X.EliteVerificationEngine - INFO - 🔗 Layer 5: Exploit Chain Validation
2025-10-01 19:32:08,186 - AEGIS-X.EliteVerificationEngine - INFO - 🚫 Layer 6: False Positive Elimination
2025-10-01 19:32:08,186 - AEGIS-X.EliteVerificationEngine - INFO - 🎯 Vulnerability-specific verification for cross-site scripting (xss)
2025-10-01 19:32:08,186 - AEGIS-X.EliteVerificationEngine - INFO - ✅ Elite verification complete for mutated_xss_817f8f8b_10: False (confidence: 0.35)
2025-10-01 19:32:08,186 - AEGIS-X.EliteVerificationEngine - INFO - 🔍 Starting elite verification for vulnerability: Reflected XSS in q parameter
2025-10-01 19:32:08,186 - AEGIS-X.EliteVerificationEngine - INFO - 🎯 Layer 1: Payload Validation
2025-10-01 19:32:08,186 - AEGIS-X.EliteVerificationEngine - INFO - 📊 Layer 2: Response Analysis
2025-10-01 19:32:08,187 - AEGIS-X.EliteVerificationEngine - INFO - 🌐 Layer 3: Behavioral Verification
2025-10-01 19:32:08,193 - AEGIS-X.EliteVerificationEngine - INFO - 💥 Layer 4: Impact Simulation
2025-10-01 19:32:08,194 - AEGIS-X.EliteVerificationEngine - INFO - 🔗 Layer 5: Exploit Chain Validation
2025-10-01 19:32:08,194 - AEGIS-X.EliteVerificationEngine - INFO - 🚫 Layer 6: False Positive Elimination
2025-10-01 19:32:08,194 - AEGIS-X.EliteVerificationEngine - INFO - 🎯 Vulnerability-specific verification for cross-site scripting (xss)
2025-10-01 19:32:08,194 - AEGIS-X.EliteVerificationEngine - INFO - ✅ Elite verification complete for mutated_xss_817f8f8b_11: False (confidence: 0.35)
2025-10-01 19:32:08,194 - AEGIS-X.EliteVerificationEngine - INFO - 🔍 Starting elite verification for vulnerability: Reflected XSS in q parameter
2025-10-01 19:32:08,194 - AEGIS-X.EliteVerificationEngine - INFO - 🎯 Layer 1: Payload Validation
2025-10-01 19:32:08,194 - AEGIS-X.EliteVerificationEngine - INFO - 📊 Layer 2: Response Analysis
2025-10-01 19:32:08,195 - AEGIS-X.EliteVerificationEngine - INFO - 🌐 Layer 3: Behavioral Verification
2025-10-01 19:32:08,236 - AEGIS-X.EliteVerificationEngine - INFO - 💥 Layer 4: Impact Simulation
2025-10-01 19:32:08,236 - AEGIS-X.EliteVerificationEngine - INFO - 🔗 Layer 5: Exploit Chain Validation
2025-10-01 19:32:08,236 - AEGIS-X.EliteVerificationEngine - INFO - 🚫 Layer 6: False Positive Elimination
2025-10-01 19:32:08,236 - AEGIS-X.EliteVerificationEngine - INFO - 🎯 Vulnerability-specific verification for cross-site scripting (xss)
2025-10-01 19:32:08,236 - AEGIS-X.EliteVerificationEngine - INFO - ✅ Elite verification complete for mutated_xss_817f8f8b_12: False (confidence: 0.35)
2025-10-01 19:32:08,236 - AEGIS-X.EliteVerificationEngine - INFO - 🔍 Starting elite verification for vulnerability: Reflected XSS in q parameter
2025-10-01 19:32:08,236 - AEGIS-X.EliteVerificationEngine - INFO - 🎯 Layer 1: Payload Validation
2025-10-01 19:32:08,236 - AEGIS-X.EliteVerificationEngine - INFO - 📊 Layer 2: Response Analysis
2025-10-01 19:32:08,238 - AEGIS-X.EliteVerificationEngine - INFO - 🌐 Layer 3: Behavioral Verification
2025-10-01 19:32:08,246 - AEGIS-X.EliteVerificationEngine - INFO - 💥 Layer 4: Impact Simulation
2025-10-01 19:32:08,246 - AEGIS-X.EliteVerificationEngine - INFO - 🔗 Layer 5: Exploit Chain Validation
2025-10-01 19:32:08,246 - AEGIS-X.EliteVerificationEngine - INFO - 🚫 Layer 6: False Positive Elimination
2025-10-01 19:32:08,246 - AEGIS-X.EliteVerificationEngine - INFO - 🎯 Vulnerability-specific verification for cross-site scripting (xss)
2025-10-01 19:32:08,247 - AEGIS-X.EliteVerificationEngine - INFO - ✅ Elite verification complete for mutated_xss_817f8f8b_13: False (confidence: 0.35)
2025-10-01 19:32:08,247 - AEGIS-X.EliteVerificationEngine - INFO - 🔍 Starting elite verification for vulnerability: Reflected XSS in q parameter
2025-10-01 19:32:08,247 - AEGIS-X.EliteVerificationEngine - INFO - 🎯 Layer 1: Payload Validation
2025-10-01 19:32:08,247 - AEGIS-X.EliteVerificationEngine - INFO - 📊 Layer 2: Response Analysis
2025-10-01 19:32:08,249 - AEGIS-X.EliteVerificationEngine - INFO - 🌐 Layer 3: Behavioral Verification
2025-10-01 19:32:08,287 - AEGIS-X.EliteVerificationEngine - INFO - 💥 Layer 4: Impact Simulation
2025-10-01 19:32:08,287 - AEGIS-X.EliteVerificationEngine - INFO - 🔗 Layer 5: Exploit Chain Validation
2025-10-01 19:32:08,287 - AEGIS-X.EliteVerificationEngine - INFO - 🚫 Layer 6: False Positive Elimination
2025-10-01 19:32:08,287 - AEGIS-X.EliteVerificationEngine - INFO - 🎯 Vulnerability-specific verification for cross-site scripting (xss)
2025-10-01 19:32:08,287 - AEGIS-X.EliteVerificationEngine - INFO - ✅ Elite verification complete for mutated_xss_817f8f8b_14: False (confidence: 0.35)
2025-10-01 19:32:08,287 - AEGIS-X.EliteVerificationEngine - INFO - 🔍 Starting elite verification for vulnerability: Reflected XSS in q parameter
2025-10-01 19:32:08,287 - AEGIS-X.EliteVerificationEngine - INFO - 🎯 Layer 1: Payload Validation
2025-10-01 19:32:08,287 - AEGIS-X.EliteVerificationEngine - INFO - 📊 Layer 2: Response Analysis
2025-10-01 19:32:08,289 - AEGIS-X.EliteVerificationEngine - INFO - 🌐 Layer 3: Behavioral Verification
2025-10-01 19:32:08,296 - AEGIS-X.EliteVerificationEngine - INFO - 💥 Layer 4: Impact Simulation
2025-10-01 19:32:08,296 - AEGIS-X.EliteVerificationEngine - INFO - 🔗 Layer 5: Exploit Chain Validation
2025-10-01 19:32:08,296 - AEGIS-X.EliteVerificationEngine - INFO - 🚫 Layer 6: False Positive Elimination
2025-10-01 19:32:08,296 - AEGIS-X.EliteVerificationEngine - INFO - 🎯 Vulnerability-specific verification for cross-site scripting (xss)
2025-10-01 19:32:08,297 - AEGIS-X.EliteVerificationEngine - INFO - ✅ Elite verification complete for mutated_xss_4ea2abf7_15: False (confidence: 0.35)
2025-10-01 19:32:08,297 - AEGIS-X.EliteVerificationEngine - INFO - 🔍 Starting elite verification for vulnerability: Reflected XSS in q parameter
2025-10-01 19:32:08,297 - AEGIS-X.EliteVerificationEngine - INFO - 🎯 Layer 1: Payload Validation
2025-10-01 19:32:08,297 - AEGIS-X.EliteVerificationEngine - INFO - 📊 Layer 2: Response Analysis
2025-10-01 19:32:08,298 - AEGIS-X.EliteVerificationEngine - INFO - 🌐 Layer 3: Behavioral Verification
2025-10-01 19:32:08,346 - AEGIS-X.EliteVerificationEngine - INFO - 💥 Layer 4: Impact Simulation
2025-10-01 19:32:08,346 - AEGIS-X.EliteVerificationEngine - INFO - 🔗 Layer 5: Exploit Chain Validation
2025-10-01 19:32:08,346 - AEGIS-X.EliteVerificationEngine - INFO - 🚫 Layer 6: False Positive Elimination
2025-10-01 19:32:08,346 - AEGIS-X.EliteVerificationEngine - INFO - 🎯 Vulnerability-specific verification for cross-site scripting (xss)
2025-10-01 19:32:08,346 - AEGIS-X.EliteVerificationEngine - INFO - ✅ Elite verification complete for mutated_xss_4ea2abf7_16: False (confidence: 0.35)
2025-10-01 19:32:08,346 - AEGIS-X.EliteVerificationEngine - INFO - 🔍 Starting elite verification for vulnerability: Reflected XSS in q parameter
2025-10-01 19:32:08,346 - AEGIS-X.EliteVerificationEngine - INFO - 🎯 Layer 1: Payload Validation
2025-10-01 19:32:08,346 - AEGIS-X.EliteVerificationEngine - INFO - 📊 Layer 2: Response Analysis
2025-10-01 19:32:08,347 - AEGIS-X.EliteVerificationEngine - INFO - 🌐 Layer 3: Behavioral Verification
2025-10-01 19:32:08,354 - AEGIS-X.EliteVerificationEngine - INFO - 💥 Layer 4: Impact Simulation
2025-10-01 19:32:08,354 - AEGIS-X.EliteVerificationEngine - INFO - 🔗 Layer 5: Exploit Chain Validation
2025-10-01 19:32:08,354 - AEGIS-X.EliteVerificationEngine - INFO - 🚫 Layer 6: False Positive Elimination
2025-10-01 19:32:08,354 - AEGIS-X.EliteVerificationEngine - INFO - 🎯 Vulnerability-specific verification for cross-site scripting (xss)
2025-10-01 19:32:08,354 - AEGIS-X.EliteVerificationEngine - INFO - ✅ Elite verification complete for mutated_xss_4ea2abf7_17: False (confidence: 0.35)
2025-10-01 19:32:08,354 - AEGIS-X.EliteVerificationEngine - INFO - 🔍 Starting elite verification for vulnerability: Reflected XSS in q parameter
2025-10-01 19:32:08,354 - AEGIS-X.EliteVerificationEngine - INFO - 🎯 Layer 1: Payload Validation
2025-10-01 19:32:08,355 - AEGIS-X.EliteVerificationEngine - INFO - 📊 Layer 2: Response Analysis
2025-10-01 19:32:08,356 - AEGIS-X.EliteVerificationEngine - INFO - 🌐 Layer 3: Behavioral Verification
2025-10-01 19:32:08,388 - AEGIS-X.EliteVerificationEngine - INFO - 💥 Layer 4: Impact Simulation
2025-10-01 19:32:08,388 - AEGIS-X.EliteVerificationEngine - INFO - 🔗 Layer 5: Exploit Chain Validation
2025-10-01 19:32:08,388 - AEGIS-X.EliteVerificationEngine - INFO - 🚫 Layer 6: False Positive Elimination
2025-10-01 19:32:08,388 - AEGIS-X.EliteVerificationEngine - INFO - 🎯 Vulnerability-specific verification for cross-site scripting (xss)
2025-10-01 19:32:08,388 - AEGIS-X.EliteVerificationEngine - INFO - ✅ Elite verification complete for mutated_xss_4ea2abf7_18: False (confidence: 0.35)
2025-10-01 19:32:08,388 - AEGIS-X.EliteVerificationEngine - INFO - 🔍 Starting elite verification for vulnerability: Reflected XSS in q parameter
2025-10-01 19:32:08,389 - AEGIS-X.EliteVerificationEngine - INFO - 🎯 Layer 1: Payload Validation
2025-10-01 19:32:08,389 - AEGIS-X.EliteVerificationEngine - INFO - 📊 Layer 2: Response Analysis
2025-10-01 19:32:08,390 - AEGIS-X.EliteVerificationEngine - INFO - 🌐 Layer 3: Behavioral Verification
2025-10-01 19:32:08,398 - AEGIS-X.EliteVerificationEngine - INFO - 💥 Layer 4: Impact Simulation
2025-10-01 19:32:08,401 - AEGIS-X.EliteVerificationEngine - INFO - 🔗 Layer 5: Exploit Chain Validation
2025-10-01 19:32:08,401 - AEGIS-X.EliteVerificationEngine - INFO - 🚫 Layer 6: False Positive Elimination
2025-10-01 19:32:08,401 - AEGIS-X.EliteVerificationEngine - INFO - 🎯 Vulnerability-specific verification for cross-site scripting (xss)
2025-10-01 19:32:08,401 - AEGIS-X.EliteVerificationEngine - INFO - ✅ Elite verification complete for mutated_xss_4ea2abf7_19: False (confidence: 0.35)
2025-10-01 19:32:08,401 - AEGIS-X.EliteVerificationEngine - INFO - 🔍 Starting elite verification for vulnerability: Reflected XSS in q parameter
2025-10-01 19:32:08,401 - AEGIS-X.EliteVerificationEngine - INFO - 🎯 Layer 1: Payload Validation
2025-10-01 19:32:08,401 - AEGIS-X.EliteVerificationEngine - INFO - 📊 Layer 2: Response Analysis
2025-10-01 19:32:08,403 - AEGIS-X.EliteVerificationEngine - INFO - 🌐 Layer 3: Behavioral Verification
2025-10-01 19:32:08,439 - AEGIS-X.EliteVerificationEngine - INFO - 💥 Layer 4: Impact Simulation
2025-10-01 19:32:08,439 - AEGIS-X.EliteVerificationEngine - INFO - 🔗 Layer 5: Exploit Chain Validation
2025-10-01 19:32:08,439 - AEGIS-X.EliteVerificationEngine - INFO - 🚫 Layer 6: False Positive Elimination
2025-10-01 19:32:08,439 - AEGIS-X.EliteVerificationEngine - INFO - 🎯 Vulnerability-specific verification for cross-site scripting (xss)
2025-10-01 19:32:08,440 - AEGIS-X.EliteVerificationEngine - INFO - ✅ Elite verification complete for mutated_xss_8949a6d1_20: False (confidence: 0.35)
2025-10-01 19:32:08,440 - AEGIS-X.EliteVerificationEngine - INFO - 🔍 Starting elite verification for vulnerability: Reflected XSS in q parameter
2025-10-01 19:32:08,440 - AEGIS-X.EliteVerificationEngine - INFO - 🎯 Layer 1: Payload Validation
2025-10-01 19:32:08,440 - AEGIS-X.EliteVerificationEngine - INFO - 📊 Layer 2: Response Analysis
2025-10-01 19:32:08,441 - AEGIS-X.EliteVerificationEngine - INFO - 🌐 Layer 3: Behavioral Verification
2025-10-01 19:32:08,452 - AEGIS-X.EliteVerificationEngine - INFO - 💥 Layer 4: Impact Simulation
2025-10-01 19:32:08,452 - AEGIS-X.EliteVerificationEngine - INFO - 🔗 Layer 5: Exploit Chain Validation
2025-10-01 19:32:08,452 - AEGIS-X.EliteVerificationEngine - INFO - 🚫 Layer 6: False Positive Elimination
2025-10-01 19:32:08,453 - AEGIS-X.EliteVerificationEngine - INFO - 🎯 Vulnerability-specific verification for cross-site scripting (xss)
2025-10-01 19:32:08,453 - AEGIS-X.EliteVerificationEngine - INFO - ✅ Elite verification complete for mutated_xss_8949a6d1_21: False (confidence: 0.35)
2025-10-01 19:32:08,453 - AEGIS-X.EliteVerificationEngine - INFO - 🔍 Starting elite verification for vulnerability: Reflected XSS in q parameter
2025-10-01 19:32:08,453 - AEGIS-X.EliteVerificationEngine - INFO - 🎯 Layer 1: Payload Validation
2025-10-01 19:32:08,453 - AEGIS-X.EliteVerificationEngine - INFO - 📊 Layer 2: Response Analysis
2025-10-01 19:32:08,454 - AEGIS-X.EliteVerificationEngine - INFO - 🌐 Layer 3: Behavioral Verification
2025-10-01 19:32:08,487 - AEGIS-X.EliteVerificationEngine - INFO - 💥 Layer 4: Impact Simulation
2025-10-01 19:32:08,487 - AEGIS-X.EliteVerificationEngine - INFO - 🔗 Layer 5: Exploit Chain Validation
2025-10-01 19:32:08,487 - AEGIS-X.EliteVerificationEngine - INFO - 🚫 Layer 6: False Positive Elimination
2025-10-01 19:32:08,488 - AEGIS-X.EliteVerificationEngine - INFO - 🎯 Vulnerability-specific verification for cross-site scripting (xss)
2025-10-01 19:32:08,488 - AEGIS-X.EliteVerificationEngine - INFO - ✅ Elite verification complete for mutated_xss_8949a6d1_22: False (confidence: 0.35)
2025-10-01 19:32:08,488 - AEGIS-X.EliteVerificationEngine - INFO - 🔍 Starting elite verification for vulnerability: Reflected XSS in q parameter
2025-10-01 19:32:08,488 - AEGIS-X.EliteVerificationEngine - INFO - 🎯 Layer 1: Payload Validation
2025-10-01 19:32:08,488 - AEGIS-X.EliteVerificationEngine - INFO - 📊 Layer 2: Response Analysis
2025-10-01 19:32:08,489 - AEGIS-X.EliteVerificationEngine - INFO - 🌐 Layer 3: Behavioral Verification
2025-10-01 19:32:08,495 - AEGIS-X.EliteVerificationEngine - INFO - 💥 Layer 4: Impact Simulation
2025-10-01 19:32:08,495 - AEGIS-X.EliteVerificationEngine - INFO - 🔗 Layer 5: Exploit Chain Validation
2025-10-01 19:32:08,495 - AEGIS-X.EliteVerificationEngine - INFO - 🚫 Layer 6: False Positive Elimination
2025-10-01 19:32:08,495 - AEGIS-X.EliteVerificationEngine - INFO - 🎯 Vulnerability-specific verification for cross-site scripting (xss)
2025-10-01 19:32:08,495 - AEGIS-X.EliteVerificationEngine - INFO - ✅ Elite verification complete for mutated_xss_8949a6d1_23: False (confidence: 0.35)
2025-10-01 19:32:08,495 - AEGIS-X.EliteVerificationEngine - INFO - 🔍 Starting elite verification for vulnerability: Reflected XSS in q parameter
2025-10-01 19:32:08,495 - AEGIS-X.EliteVerificationEngine - INFO - 🎯 Layer 1: Payload Validation
2025-10-01 19:32:08,495 - AEGIS-X.EliteVerificationEngine - INFO - 📊 Layer 2: Response Analysis
2025-10-01 19:32:08,497 - AEGIS-X.EliteVerificationEngine - INFO - 🌐 Layer 3: Behavioral Verification
2025-10-01 19:32:08,530 - AEGIS-X.EliteVerificationEngine - INFO - 💥 Layer 4: Impact Simulation
2025-10-01 19:32:08,530 - AEGIS-X.EliteVerificationEngine - INFO - 🔗 Layer 5: Exploit Chain Validation
2025-10-01 19:32:08,530 - AEGIS-X.EliteVerificationEngine - INFO - 🚫 Layer 6: False Positive Elimination
2025-10-01 19:32:08,530 - AEGIS-X.EliteVerificationEngine - INFO - 🎯 Vulnerability-specific verification for cross-site scripting (xss)
2025-10-01 19:32:08,530 - AEGIS-X.EliteVerificationEngine - INFO - ✅ Elite verification complete for mutated_xss_8949a6d1_24: False (confidence: 0.35)
2025-10-01 19:32:08,530 - AEGIS-X.EliteVerificationEngine - INFO - 🔍 Starting elite verification for vulnerability: Reflected XSS in q parameter
2025-10-01 19:32:08,530 - AEGIS-X.EliteVerificationEngine - INFO - 🎯 Layer 1: Payload Validation
2025-10-01 19:32:08,530 - AEGIS-X.EliteVerificationEngine - INFO - 📊 Layer 2: Response Analysis
2025-10-01 19:32:08,532 - AEGIS-X.EliteVerificationEngine - INFO - 🌐 Layer 3: Behavioral Verification
2025-10-01 19:32:08,538 - AEGIS-X.EliteVerificationEngine - INFO - 💥 Layer 4: Impact Simulation
2025-10-01 19:32:08,538 - AEGIS-X.EliteVerificationEngine - INFO - 🔗 Layer 5: Exploit Chain Validation
2025-10-01 19:32:08,538 - AEGIS-X.EliteVerificationEngine - INFO - 🚫 Layer 6: False Positive Elimination
2025-10-01 19:32:08,538 - AEGIS-X.EliteVerificationEngine - INFO - 🎯 Vulnerability-specific verification for cross-site scripting (xss)
2025-10-01 19:32:08,538 - AEGIS-X.EliteVerificationEngine - INFO - ✅ Elite verification complete for mutated_xss_f6bbc2ab_25: False (confidence: 0.35)
2025-10-01 19:32:08,538 - AEGIS-X.EliteVerificationEngine - INFO - 🔍 Starting elite verification for vulnerability: Reflected XSS in q parameter
2025-10-01 19:32:08,538 - AEGIS-X.EliteVerificationEngine - INFO - 🎯 Layer 1: Payload Validation
2025-10-01 19:32:08,538 - AEGIS-X.EliteVerificationEngine - INFO - 📊 Layer 2: Response Analysis
2025-10-01 19:32:08,539 - AEGIS-X.EliteVerificationEngine - INFO - 🌐 Layer 3: Behavioral Verification
2025-10-01 19:32:08,576 - AEGIS-X.EliteVerificationEngine - INFO - 💥 Layer 4: Impact Simulation
2025-10-01 19:32:08,576 - AEGIS-X.EliteVerificationEngine - INFO - 🔗 Layer 5: Exploit Chain Validation
2025-10-01 19:32:08,576 - AEGIS-X.EliteVerificationEngine - INFO - 🚫 Layer 6: False Positive Elimination
2025-10-01 19:32:08,576 - AEGIS-X.EliteVerificationEngine - INFO - 🎯 Vulnerability-specific verification for cross-site scripting (xss)
2025-10-01 19:32:08,577 - AEGIS-X.EliteVerificationEngine - INFO - ✅ Elite verification complete for mutated_xss_f6bbc2ab_26: False (confidence: 0.35)
2025-10-01 19:32:08,577 - AEGIS-X.EliteVerificationEngine - INFO - 🔍 Starting elite verification for vulnerability: Reflected XSS in q parameter
2025-10-01 19:32:08,577 - AEGIS-X.EliteVerificationEngine - INFO - 🎯 Layer 1: Payload Validation
2025-10-01 19:32:08,577 - AEGIS-X.EliteVerificationEngine - INFO - 📊 Layer 2: Response Analysis
2025-10-01 19:32:08,578 - AEGIS-X.EliteVerificationEngine - INFO - 🌐 Layer 3: Behavioral Verification
2025-10-01 19:32:08,585 - AEGIS-X.EliteVerificationEngine - INFO - 💥 Layer 4: Impact Simulation
2025-10-01 19:32:08,585 - AEGIS-X.EliteVerificationEngine - INFO - 🔗 Layer 5: Exploit Chain Validation
2025-10-01 19:32:08,585 - AEGIS-X.EliteVerificationEngine - INFO - 🚫 Layer 6: False Positive Elimination
2025-10-01 19:32:08,585 - AEGIS-X.EliteVerificationEngine - INFO - 🎯 Vulnerability-specific verification for cross-site scripting (xss)
2025-10-01 19:32:08,585 - AEGIS-X.EliteVerificationEngine - INFO - ✅ Elite verification complete for mutated_xss_f6bbc2ab_27: False (confidence: 0.35)
2025-10-01 19:32:08,585 - AEGIS-X.EliteVerificationEngine - INFO - 🔍 Starting elite verification for vulnerability: Reflected XSS in q parameter
2025-10-01 19:32:08,585 - AEGIS-X.EliteVerificationEngine - INFO - 🎯 Layer 1: Payload Validation
2025-10-01 19:32:08,585 - AEGIS-X.EliteVerificationEngine - INFO - 📊 Layer 2: Response Analysis
2025-10-01 19:32:08,586 - AEGIS-X.EliteVerificationEngine - INFO - 🌐 Layer 3: Behavioral Verification
2025-10-01 19:32:08,623 - AEGIS-X.EliteVerificationEngine - INFO - 💥 Layer 4: Impact Simulation
2025-10-01 19:32:08,623 - AEGIS-X.EliteVerificationEngine - INFO - 🔗 Layer 5: Exploit Chain Validation
2025-10-01 19:32:08,623 - AEGIS-X.EliteVerificationEngine - INFO - 🚫 Layer 6: False Positive Elimination
2025-10-01 19:32:08,623 - AEGIS-X.EliteVerificationEngine - INFO - 🎯 Vulnerability-specific verification for cross-site scripting (xss)
2025-10-01 19:32:08,623 - AEGIS-X.EliteVerificationEngine - INFO - ✅ Elite verification complete for mutated_xss_f6bbc2ab_28: False (confidence: 0.35)
2025-10-01 19:32:08,623 - AEGIS-X.EliteVerificationEngine - INFO - 🔍 Starting elite verification for vulnerability: Reflected XSS in q parameter
2025-10-01 19:32:08,623 - AEGIS-X.EliteVerificationEngine - INFO - 🎯 Layer 1: Payload Validation
2025-10-01 19:32:08,623 - AEGIS-X.EliteVerificationEngine - INFO - 📊 Layer 2: Response Analysis
2025-10-01 19:32:08,624 - AEGIS-X.EliteVerificationEngine - INFO - 🌐 Layer 3: Behavioral Verification
2025-10-01 19:32:08,631 - AEGIS-X.EliteVerificationEngine - INFO - 💥 Layer 4: Impact Simulation
2025-10-01 19:32:08,631 - AEGIS-X.EliteVerificationEngine - INFO - 🔗 Layer 5: Exploit Chain Validation
2025-10-01 19:32:08,632 - AEGIS-X.EliteVerificationEngine - INFO - 🚫 Layer 6: False Positive Elimination
2025-10-01 19:32:08,632 - AEGIS-X.EliteVerificationEngine - INFO - 🎯 Vulnerability-specific verification for cross-site scripting (xss)
2025-10-01 19:32:08,632 - AEGIS-X.EliteVerificationEngine - INFO - ✅ Elite verification complete for mutated_xss_f6bbc2ab_29: False (confidence: 0.35)
2025-10-01 19:32:08,632 - AEGIS-X.EliteVerificationEngine - INFO - 🔍 Starting elite verification for vulnerability: Reflected XSS in q parameter
2025-10-01 19:32:08,632 - AEGIS-X.EliteVerificationEngine - INFO - 🎯 Layer 1: Payload Validation
2025-10-01 19:32:08,632 - AEGIS-X.EliteVerificationEngine - INFO - 📊 Layer 2: Response Analysis
2025-10-01 19:32:08,633 - AEGIS-X.EliteVerificationEngine - INFO - 🌐 Layer 3: Behavioral Verification
2025-10-01 19:32:08,669 - AEGIS-X.EliteVerificationEngine - INFO - 💥 Layer 4: Impact Simulation
2025-10-01 19:32:08,669 - AEGIS-X.EliteVerificationEngine - INFO - 🔗 Layer 5: Exploit Chain Validation
2025-10-01 19:32:08,669 - AEGIS-X.EliteVerificationEngine - INFO - 🚫 Layer 6: False Positive Elimination
2025-10-01 19:32:08,669 - AEGIS-X.EliteVerificationEngine - INFO - 🎯 Vulnerability-specific verification for cross-site scripting (xss)
2025-10-01 19:32:08,669 - AEGIS-X.EliteVerificationEngine - INFO - ✅ Elite verification complete for mutated_xss_0e1c88df_30: False (confidence: 0.35)
2025-10-01 19:32:08,669 - AEGIS-X.EliteVerificationEngine - INFO - 🔍 Starting elite verification for vulnerability: Reflected XSS in q parameter
2025-10-01 19:32:08,669 - AEGIS-X.EliteVerificationEngine - INFO - 🎯 Layer 1: Payload Validation
2025-10-01 19:32:08,669 - AEGIS-X.EliteVerificationEngine - INFO - 📊 Layer 2: Response Analysis
2025-10-01 19:32:08,670 - AEGIS-X.EliteVerificationEngine - INFO - 🌐 Layer 3: Behavioral Verification
2025-10-01 19:32:08,677 - AEGIS-X.EliteVerificationEngine - INFO - 💥 Layer 4: Impact Simulation
2025-10-01 19:32:08,677 - AEGIS-X.EliteVerificationEngine - INFO - 🔗 Layer 5: Exploit Chain Validation
2025-10-01 19:32:08,677 - AEGIS-X.EliteVerificationEngine - INFO - 🚫 Layer 6: False Positive Elimination
2025-10-01 19:32:08,677 - AEGIS-X.EliteVerificationEngine - INFO - 🎯 Vulnerability-specific verification for cross-site scripting (xss)
2025-10-01 19:32:08,677 - AEGIS-X.EliteVerificationEngine - INFO - ✅ Elite verification complete for mutated_xss_0e1c88df_31: False (confidence: 0.35)
2025-10-01 19:32:08,677 - AEGIS-X.EliteVerificationEngine - INFO - 🔍 Starting elite verification for vulnerability: Reflected XSS in q parameter
2025-10-01 19:32:08,677 - AEGIS-X.EliteVerificationEngine - INFO - 🎯 Layer 1: Payload Validation
2025-10-01 19:32:08,677 - AEGIS-X.EliteVerificationEngine - INFO - 📊 Layer 2: Response Analysis
2025-10-01 19:32:08,678 - AEGIS-X.EliteVerificationEngine - INFO - 🌐 Layer 3: Behavioral Verification
2025-10-01 19:32:08,708 - AEGIS-X.EliteVerificationEngine - INFO - 💥 Layer 4: Impact Simulation
2025-10-01 19:32:08,708 - AEGIS-X.EliteVerificationEngine - INFO - 🔗 Layer 5: Exploit Chain Validation
2025-10-01 19:32:08,708 - AEGIS-X.EliteVerificationEngine - INFO - 🚫 Layer 6: False Positive Elimination
2025-10-01 19:32:08,708 - AEGIS-X.EliteVerificationEngine - INFO - 🎯 Vulnerability-specific verification for cross-site scripting (xss)
2025-10-01 19:32:08,708 - AEGIS-X.EliteVerificationEngine - INFO - ✅ Elite verification complete for mutated_xss_0e1c88df_32: False (confidence: 0.35)
2025-10-01 19:32:08,709 - AEGIS-X.EliteVerificationEngine - INFO - 🔍 Starting elite verification for vulnerability: Reflected XSS in q parameter
2025-10-01 19:32:08,709 - AEGIS-X.EliteVerificationEngine - INFO - 🎯 Layer 1: Payload Validation
2025-10-01 19:32:08,709 - AEGIS-X.EliteVerificationEngine - INFO - 📊 Layer 2: Response Analysis
2025-10-01 19:32:08,710 - AEGIS-X.EliteVerificationEngine - INFO - 🌐 Layer 3: Behavioral Verification
2025-10-01 19:32:08,715 - AEGIS-X.EliteVerificationEngine - INFO - 💥 Layer 4: Impact Simulation
2025-10-01 19:32:08,716 - AEGIS-X.EliteVerificationEngine - INFO - 🔗 Layer 5: Exploit Chain Validation
2025-10-01 19:32:08,716 - AEGIS-X.EliteVerificationEngine - INFO - 🚫 Layer 6: False Positive Elimination
2025-10-01 19:32:08,716 - AEGIS-X.EliteVerificationEngine - INFO - 🎯 Vulnerability-specific verification for cross-site scripting (xss)
2025-10-01 19:32:08,716 - AEGIS-X.EliteVerificationEngine - INFO - ✅ Elite verification complete for mutated_xss_0e1c88df_33: False (confidence: 0.35)
2025-10-01 19:32:08,716 - AEGIS-X.EliteVerificationEngine - INFO - 🔍 Starting elite verification for vulnerability: Reflected XSS in q parameter
2025-10-01 19:32:08,716 - AEGIS-X.EliteVerificationEngine - INFO - 🎯 Layer 1: Payload Validation
2025-10-01 19:32:08,716 - AEGIS-X.EliteVerificationEngine - INFO - 📊 Layer 2: Response Analysis
2025-10-01 19:32:08,717 - AEGIS-X.EliteVerificationEngine - INFO - 🌐 Layer 3: Behavioral Verification
2025-10-01 19:32:08,748 - AEGIS-X.EliteVerificationEngine - INFO - 💥 Layer 4: Impact Simulation
2025-10-01 19:32:08,748 - AEGIS-X.EliteVerificationEngine - INFO - 🔗 Layer 5: Exploit Chain Validation
2025-10-01 19:32:08,748 - AEGIS-X.EliteVerificationEngine - INFO - 🚫 Layer 6: False Positive Elimination
2025-10-01 19:32:08,748 - AEGIS-X.EliteVerificationEngine - INFO - 🎯 Vulnerability-specific verification for cross-site scripting (xss)
2025-10-01 19:32:08,748 - AEGIS-X.EliteVerificationEngine - INFO - ✅ Elite verification complete for mutated_xss_0e1c88df_34: False (confidence: 0.35)
2025-10-01 19:32:08,749 - AEGIS-X.EliteVerificationEngine - INFO - 🔍 Starting elite verification for vulnerability: Reflected XSS in q parameter
2025-10-01 19:32:08,749 - AEGIS-X.EliteVerificationEngine - INFO - 🎯 Layer 1: Payload Validation
2025-10-01 19:32:08,749 - AEGIS-X.EliteVerificationEngine - INFO - 📊 Layer 2: Response Analysis
2025-10-01 19:32:08,750 - AEGIS-X.EliteVerificationEngine - INFO - 🌐 Layer 3: Behavioral Verification
2025-10-01 19:32:08,755 - AEGIS-X.EliteVerificationEngine - INFO - 💥 Layer 4: Impact Simulation
2025-10-01 19:32:08,755 - AEGIS-X.EliteVerificationEngine - INFO - 🔗 Layer 5: Exploit Chain Validation
2025-10-01 19:32:08,755 - AEGIS-X.EliteVerificationEngine - INFO - 🚫 Layer 6: False Positive Elimination
2025-10-01 19:32:08,755 - AEGIS-X.EliteVerificationEngine - INFO - 🎯 Vulnerability-specific verification for cross-site scripting (xss)
2025-10-01 19:32:08,756 - AEGIS-X.EliteVerificationEngine - INFO - ✅ Elite verification complete for mutated_xss_ab19f9ed_35: False (confidence: 0.35)
2025-10-01 19:32:08,756 - AEGIS-X.EliteVerificationEngine - INFO - 🔍 Starting elite verification for vulnerability: Reflected XSS in q parameter
2025-10-01 19:32:08,756 - AEGIS-X.EliteVerificationEngine - INFO - 🎯 Layer 1: Payload Validation
2025-10-01 19:32:08,756 - AEGIS-X.EliteVerificationEngine - INFO - 📊 Layer 2: Response Analysis
2025-10-01 19:32:08,757 - AEGIS-X.EliteVerificationEngine - INFO - 🌐 Layer 3: Behavioral Verification
2025-10-01 19:32:08,793 - AEGIS-X.EliteVerificationEngine - INFO - 💥 Layer 4: Impact Simulation
2025-10-01 19:32:08,793 - AEGIS-X.EliteVerificationEngine - INFO - 🔗 Layer 5: Exploit Chain Validation
2025-10-01 19:32:08,793 - AEGIS-X.EliteVerificationEngine - INFO - 🚫 Layer 6: False Positive Elimination
2025-10-01 19:32:08,793 - AEGIS-X.EliteVerificationEngine - INFO - 🎯 Vulnerability-specific verification for cross-site scripting (xss)
2025-10-01 19:32:08,793 - AEGIS-X.EliteVerificationEngine - INFO - ✅ Elite verification complete for mutated_xss_ab19f9ed_36: False (confidence: 0.35)
2025-10-01 19:32:08,793 - AEGIS-X.EliteVerificationEngine - INFO - 🔍 Starting elite verification for vulnerability: Reflected XSS in q parameter
2025-10-01 19:32:08,793 - AEGIS-X.EliteVerificationEngine - INFO - 🎯 Layer 1: Payload Validation
2025-10-01 19:32:08,793 - AEGIS-X.EliteVerificationEngine - INFO - 📊 Layer 2: Response Analysis
2025-10-01 19:32:38,856 - AEGIS-X.EliteVerificationEngine - INFO - 🌐 Layer 3: Behavioral Verification
2025-10-01 19:32:38,864 - AEGIS-X.EliteVerificationEngine - INFO - 💥 Layer 4: Impact Simulation
2025-10-01 19:32:38,864 - AEGIS-X.EliteVerificationEngine - INFO - 🔗 Layer 5: Exploit Chain Validation
2025-10-01 19:32:38,864 - AEGIS-X.EliteVerificationEngine - INFO - 🚫 Layer 6: False Positive Elimination
2025-10-01 19:32:38,864 - AEGIS-X.EliteVerificationEngine - INFO - 🎯 Vulnerability-specific verification for cross-site scripting (xss)
2025-10-01 19:32:38,864 - AEGIS-X.EliteVerificationEngine - INFO - ✅ Elite verification complete for mutated_xss_ab19f9ed_37: False (confidence: 0.00)
2025-10-01 19:32:38,864 - AEGIS-X.EliteVerificationEngine - INFO - 🔍 Starting elite verification for vulnerability: Reflected XSS in q parameter
2025-10-01 19:32:38,864 - AEGIS-X.EliteVerificationEngine - INFO - 🎯 Layer 1: Payload Validation
2025-10-01 19:32:38,864 - AEGIS-X.EliteVerificationEngine - INFO - 📊 Layer 2: Response Analysis
2025-10-01 19:33:09,857 - AEGIS-X.EliteVerificationEngine - INFO - 🌐 Layer 3: Behavioral Verification
2025-10-01 19:33:09,890 - AEGIS-X.EliteVerificationEngine - INFO - 💥 Layer 4: Impact Simulation
2025-10-01 19:33:09,890 - AEGIS-X.EliteVerificationEngine - INFO - 🔗 Layer 5: Exploit Chain Validation
2025-10-01 19:33:09,890 - AEGIS-X.EliteVerificationEngine - INFO - 🚫 Layer 6: False Positive Elimination
2025-10-01 19:33:09,890 - AEGIS-X.EliteVerificationEngine - INFO - 🎯 Vulnerability-specific verification for cross-site scripting (xss)
2025-10-01 19:33:09,890 - AEGIS-X.EliteVerificationEngine - INFO - ✅ Elite verification complete for mutated_xss_ab19f9ed_38: False (confidence: 0.00)
2025-10-01 19:33:09,890 - AEGIS-X.EliteVerificationEngine - INFO - 🔍 Starting elite verification for vulnerability: Reflected XSS in q parameter
2025-10-01 19:33:09,890 - AEGIS-X.EliteVerificationEngine - INFO - 🎯 Layer 1: Payload Validation
2025-10-01 19:33:09,890 - AEGIS-X.EliteVerificationEngine - INFO - 📊 Layer 2: Response Analysis
2025-10-01 19:33:09,892 - AEGIS-X.EliteVerificationEngine - INFO - 🌐 Layer 3: Behavioral Verification
2025-10-01 19:33:09,898 - AEGIS-X.EliteVerificationEngine - INFO - 💥 Layer 4: Impact Simulation
2025-10-01 19:33:09,898 - AEGIS-X.EliteVerificationEngine - INFO - 🔗 Layer 5: Exploit Chain Validation
2025-10-01 19:33:09,898 - AEGIS-X.EliteVerificationEngine - INFO - 🚫 Layer 6: False Positive Elimination
2025-10-01 19:33:09,898 - AEGIS-X.EliteVerificationEngine - INFO - 🎯 Vulnerability-specific verification for cross-site scripting (xss)
2025-10-01 19:33:09,898 - AEGIS-X.EliteVerificationEngine - INFO - ✅ Elite verification complete for mutated_xss_ab19f9ed_39: False (confidence: 0.35)
2025-10-01 19:33:09,898 - AEGIS-X.EliteVerificationEngine - INFO - 🔍 Starting elite verification for vulnerability: Reflected XSS in q parameter
2025-10-01 19:33:09,898 - AEGIS-X.EliteVerificationEngine - INFO - 🎯 Layer 1: Payload Validation
2025-10-01 19:33:09,898 - AEGIS-X.EliteVerificationEngine - INFO - 📊 Layer 2: Response Analysis
2025-10-01 19:33:09,899 - AEGIS-X.EliteVerificationEngine - INFO - 🌐 Layer 3: Behavioral Verification
2025-10-01 19:33:09,934 - AEGIS-X.EliteVerificationEngine - INFO - 💥 Layer 4: Impact Simulation
2025-10-01 19:33:09,934 - AEGIS-X.EliteVerificationEngine - INFO - 🔗 Layer 5: Exploit Chain Validation
2025-10-01 19:33:09,934 - AEGIS-X.EliteVerificationEngine - INFO - 🚫 Layer 6: False Positive Elimination
2025-10-01 19:33:09,934 - AEGIS-X.EliteVerificationEngine - INFO - 🎯 Vulnerability-specific verification for cross-site scripting (xss)
2025-10-01 19:33:09,934 - AEGIS-X.EliteVerificationEngine - INFO - ✅ Elite verification complete for mutated_xss_24fcc852_40: False (confidence: 0.35)
2025-10-01 19:33:09,934 - AEGIS-X.EliteVerificationEngine - INFO - 🔍 Starting elite verification for vulnerability: Reflected XSS in q parameter
2025-10-01 19:33:09,934 - AEGIS-X.EliteVerificationEngine - INFO - 🎯 Layer 1: Payload Validation
2025-10-01 19:33:09,934 - AEGIS-X.EliteVerificationEngine - INFO - 📊 Layer 2: Response Analysis
2025-10-01 19:33:09,936 - AEGIS-X.EliteVerificationEngine - INFO - 🌐 Layer 3: Behavioral Verification
2025-10-01 19:33:09,942 - AEGIS-X.EliteVerificationEngine - INFO - 💥 Layer 4: Impact Simulation
2025-10-01 19:33:09,942 - AEGIS-X.EliteVerificationEngine - INFO - 🔗 Layer 5: Exploit Chain Validation
2025-10-01 19:33:09,942 - AEGIS-X.EliteVerificationEngine - INFO - 🚫 Layer 6: False Positive Elimination
2025-10-01 19:33:09,942 - AEGIS-X.EliteVerificationEngine - INFO - 🎯 Vulnerability-specific verification for cross-site scripting (xss)
2025-10-01 19:33:09,942 - AEGIS-X.EliteVerificationEngine - INFO - ✅ Elite verification complete for mutated_xss_24fcc852_41: False (confidence: 0.35)
2025-10-01 19:33:09,942 - AEGIS-X.EliteVerificationEngine - INFO - 🔍 Starting elite verification for vulnerability: Reflected XSS in q parameter
2025-10-01 19:33:09,942 - AEGIS-X.EliteVerificationEngine - INFO - 🎯 Layer 1: Payload Validation
2025-10-01 19:33:09,942 - AEGIS-X.EliteVerificationEngine - INFO - 📊 Layer 2: Response Analysis
2025-10-01 19:33:09,944 - AEGIS-X.EliteVerificationEngine - INFO - 🌐 Layer 3: Behavioral Verification
2025-10-01 19:33:09,977 - AEGIS-X.EliteVerificationEngine - INFO - 💥 Layer 4: Impact Simulation
2025-10-01 19:33:09,977 - AEGIS-X.EliteVerificationEngine - INFO - 🔗 Layer 5: Exploit Chain Validation
2025-10-01 19:33:09,977 - AEGIS-X.EliteVerificationEngine - INFO - 🚫 Layer 6: False Positive Elimination
2025-10-01 19:33:09,977 - AEGIS-X.EliteVerificationEngine - INFO - 🎯 Vulnerability-specific verification for cross-site scripting (xss)
2025-10-01 19:33:09,977 - AEGIS-X.EliteVerificationEngine - INFO - ✅ Elite verification complete for mutated_xss_24fcc852_42: False (confidence: 0.35)
2025-10-01 19:33:09,977 - AEGIS-X.EliteVerificationEngine - INFO - 🔍 Starting elite verification for vulnerability: Reflected XSS in q parameter
2025-10-01 19:33:09,977 - AEGIS-X.EliteVerificationEngine - INFO - 🎯 Layer 1: Payload Validation
2025-10-01 19:33:09,977 - AEGIS-X.EliteVerificationEngine - INFO - 📊 Layer 2: Response Analysis
2025-10-01 19:33:09,978 - AEGIS-X.EliteVerificationEngine - INFO - 🌐 Layer 3: Behavioral Verification
2025-10-01 19:33:09,984 - AEGIS-X.EliteVerificationEngine - INFO - 💥 Layer 4: Impact Simulation
2025-10-01 19:33:09,984 - AEGIS-X.EliteVerificationEngine - INFO - 🔗 Layer 5: Exploit Chain Validation
2025-10-01 19:33:09,984 - AEGIS-X.EliteVerificationEngine - INFO - 🚫 Layer 6: False Positive Elimination
2025-10-01 19:33:09,984 - AEGIS-X.EliteVerificationEngine - INFO - 🎯 Vulnerability-specific verification for cross-site scripting (xss)
2025-10-01 19:33:09,984 - AEGIS-X.EliteVerificationEngine - INFO - ✅ Elite verification complete for mutated_xss_24fcc852_43: False (confidence: 0.35)
2025-10-01 19:33:09,984 - AEGIS-X.EliteVerificationEngine - INFO - 🔍 Starting elite verification for vulnerability: Reflected XSS in q parameter
2025-10-01 19:33:09,984 - AEGIS-X.EliteVerificationEngine - INFO - 🎯 Layer 1: Payload Validation
2025-10-01 19:33:09,984 - AEGIS-X.EliteVerificationEngine - INFO - 📊 Layer 2: Response Analysis
2025-10-01 19:33:09,985 - AEGIS-X.EliteVerificationEngine - INFO - 🌐 Layer 3: Behavioral Verification
2025-10-01 19:33:10,016 - AEGIS-X.EliteVerificationEngine - INFO - 💥 Layer 4: Impact Simulation
2025-10-01 19:33:10,016 - AEGIS-X.EliteVerificationEngine - INFO - 🔗 Layer 5: Exploit Chain Validation
2025-10-01 19:33:10,016 - AEGIS-X.EliteVerificationEngine - INFO - 🚫 Layer 6: False Positive Elimination
2025-10-01 19:33:10,016 - AEGIS-X.EliteVerificationEngine - INFO - 🎯 Vulnerability-specific verification for cross-site scripting (xss)
2025-10-01 19:33:10,016 - AEGIS-X.EliteVerificationEngine - INFO - ✅ Elite verification complete for mutated_xss_24fcc852_44: False (confidence: 0.35)
2025-10-01 19:33:10,016 - AEGIS-X.EliteVerificationEngine - INFO - 🔍 Starting elite verification for vulnerability: Reflected XSS in q parameter
2025-10-01 19:33:10,016 - AEGIS-X.EliteVerificationEngine - INFO - 🎯 Layer 1: Payload Validation
2025-10-01 19:33:10,016 - AEGIS-X.EliteVerificationEngine - INFO - 📊 Layer 2: Response Analysis
2025-10-01 19:33:10,018 - AEGIS-X.EliteVerificationEngine - INFO - 🌐 Layer 3: Behavioral Verification
2025-10-01 19:33:10,023 - AEGIS-X.EliteVerificationEngine - INFO - 💥 Layer 4: Impact Simulation
2025-10-01 19:33:10,023 - AEGIS-X.EliteVerificationEngine - INFO - 🔗 Layer 5: Exploit Chain Validation
2025-10-01 19:33:10,023 - AEGIS-X.EliteVerificationEngine - INFO - 🚫 Layer 6: False Positive Elimination
2025-10-01 19:33:10,023 - AEGIS-X.EliteVerificationEngine - INFO - 🎯 Vulnerability-specific verification for cross-site scripting (xss)
2025-10-01 19:33:10,024 - AEGIS-X.EliteVerificationEngine - INFO - ✅ Elite verification complete for mutated_xss_41de20be_45: False (confidence: 0.35)
2025-10-01 19:33:10,024 - AEGIS-X.EliteVerificationEngine - INFO - 🔍 Starting elite verification for vulnerability: Reflected XSS in q parameter
2025-10-01 19:33:10,024 - AEGIS-X.EliteVerificationEngine - INFO - 🎯 Layer 1: Payload Validation
2025-10-01 19:33:10,024 - AEGIS-X.EliteVerificationEngine - INFO - 📊 Layer 2: Response Analysis
2025-10-01 19:33:10,025 - AEGIS-X.EliteVerificationEngine - INFO - 🌐 Layer 3: Behavioral Verification
2025-10-01 19:33:10,058 - AEGIS-X.EliteVerificationEngine - INFO - 💥 Layer 4: Impact Simulation
2025-10-01 19:33:10,058 - AEGIS-X.EliteVerificationEngine - INFO - 🔗 Layer 5: Exploit Chain Validation
2025-10-01 19:33:10,058 - AEGIS-X.EliteVerificationEngine - INFO - 🚫 Layer 6: False Positive Elimination
2025-10-01 19:33:10,058 - AEGIS-X.EliteVerificationEngine - INFO - 🎯 Vulnerability-specific verification for cross-site scripting (xss)
2025-10-01 19:33:10,058 - AEGIS-X.EliteVerificationEngine - INFO - ✅ Elite verification complete for mutated_xss_41de20be_46: False (confidence: 0.35)
2025-10-01 19:33:10,058 - AEGIS-X.EliteVerificationEngine - INFO - 🔍 Starting elite verification for vulnerability: Reflected XSS in q parameter
2025-10-01 19:33:10,058 - AEGIS-X.EliteVerificationEngine - INFO - 🎯 Layer 1: Payload Validation
2025-10-01 19:33:10,058 - AEGIS-X.EliteVerificationEngine - INFO - 📊 Layer 2: Response Analysis
2025-10-01 19:33:10,060 - AEGIS-X.EliteVerificationEngine - INFO - 🌐 Layer 3: Behavioral Verification
2025-10-01 19:33:10,068 - AEGIS-X.EliteVerificationEngine - INFO - 💥 Layer 4: Impact Simulation
2025-10-01 19:33:10,069 - AEGIS-X.EliteVerificationEngine - INFO - 🔗 Layer 5: Exploit Chain Validation
2025-10-01 19:33:10,069 - AEGIS-X.EliteVerificationEngine - INFO - 🚫 Layer 6: False Positive Elimination
2025-10-01 19:33:10,069 - AEGIS-X.EliteVerificationEngine - INFO - 🎯 Vulnerability-specific verification for cross-site scripting (xss)
2025-10-01 19:33:10,069 - AEGIS-X.EliteVerificationEngine - INFO - ✅ Elite verification complete for mutated_xss_41de20be_47: False (confidence: 0.35)
2025-10-01 19:33:10,069 - AEGIS-X.EliteVerificationEngine - INFO - 🔍 Starting elite verification for vulnerability: Reflected XSS in q parameter
2025-10-01 19:33:10,069 - AEGIS-X.EliteVerificationEngine - INFO - 🎯 Layer 1: Payload Validation
2025-10-01 19:33:10,069 - AEGIS-X.EliteVerificationEngine - INFO - 📊 Layer 2: Response Analysis
2025-10-01 19:33:10,070 - AEGIS-X.EliteVerificationEngine - INFO - 🌐 Layer 3: Behavioral Verification
2025-10-01 19:33:10,101 - AEGIS-X.EliteVerificationEngine - INFO - 💥 Layer 4: Impact Simulation
2025-10-01 19:33:10,101 - AEGIS-X.EliteVerificationEngine - INFO - 🔗 Layer 5: Exploit Chain Validation
2025-10-01 19:33:10,101 - AEGIS-X.EliteVerificationEngine - INFO - 🚫 Layer 6: False Positive Elimination
2025-10-01 19:33:10,101 - AEGIS-X.EliteVerificationEngine - INFO - 🎯 Vulnerability-specific verification for cross-site scripting (xss)
2025-10-01 19:33:10,101 - AEGIS-X.EliteVerificationEngine - INFO - ✅ Elite verification complete for mutated_xss_41de20be_48: False (confidence: 0.35)
2025-10-01 19:33:10,101 - AEGIS-X.EliteVerificationEngine - INFO - 🔍 Starting elite verification for vulnerability: Reflected XSS in q parameter
2025-10-01 19:33:10,101 - AEGIS-X.EliteVerificationEngine - INFO - 🎯 Layer 1: Payload Validation
2025-10-01 19:33:10,101 - AEGIS-X.EliteVerificationEngine - INFO - 📊 Layer 2: Response Analysis
2025-10-01 19:33:10,102 - AEGIS-X.EliteVerificationEngine - INFO - 🌐 Layer 3: Behavioral Verification
2025-10-01 19:33:10,108 - AEGIS-X.EliteVerificationEngine - INFO - 💥 Layer 4: Impact Simulation
2025-10-01 19:33:10,109 - AEGIS-X.EliteVerificationEngine - INFO - 🔗 Layer 5: Exploit Chain Validation
2025-10-01 19:33:10,109 - AEGIS-X.EliteVerificationEngine - INFO - 🚫 Layer 6: False Positive Elimination
2025-10-01 19:33:10,109 - AEGIS-X.EliteVerificationEngine - INFO - 🎯 Vulnerability-specific verification for cross-site scripting (xss)
2025-10-01 19:33:10,109 - AEGIS-X.EliteVerificationEngine - INFO - ✅ Elite verification complete for mutated_xss_41de20be_49: False (confidence: 0.35)
2025-10-01 19:33:10,109 - __main__ - INFO - 🔍 Advanced verification complete: 17 vulnerabilities verified
2025-10-01 19:33:10,109 - __main__ - INFO - 🥷 PHASE 4: STEALTH ANALYSIS
2025-10-01 19:33:10,109 - __main__ - INFO - 🥷 Stealth analysis complete: 0.0% success rate
2025-10-01 19:33:10,109 - __main__ - INFO - ✅ PHASE 5: SUCCESS VALIDATION
2025-10-01 19:33:10,109 - __main__ - INFO - 📋 PHASE 6: ULTIMATE REPORTING
2025-10-01 19:33:10,122 - __main__ - INFO - 📊 Hunt summary saved: output/hunt_summary.txt
2025-10-01 19:33:10,122 - __main__ - INFO - 📋 Ultimate report saved: output/ultimate_report___localhost_12005_1759347190.json
2025-10-01 19:33:10,123 - __main__ - INFO - 🔥🔥🔥🔥🔥🔥🔥🔥🔥🔥🔥🔥🔥🔥🔥🔥🔥🔥🔥🔥🔥🔥🔥🔥🔥🔥🔥🔥🔥🔥🔥🔥🔥🔥🔥🔥🔥🔥🔥🔥🔥🔥🔥🔥🔥🔥🔥🔥🔥🔥🔥🔥🔥🔥🔥🔥🔥🔥🔥🔥
2025-10-01 19:33:10,123 - __main__ - INFO - 🎉 ULTIMATE AEGIS-X CAMPAIGN COMPLETED
2025-10-01 19:33:10,123 - __main__ - INFO - 🔥🔥🔥🔥🔥🔥🔥🔥🔥🔥🔥🔥🔥🔥🔥🔥🔥🔥🔥🔥🔥🔥🔥🔥🔥🔥🔥🔥🔥🔥🔥🔥🔥🔥🔥🔥🔥🔥🔥🔥🔥🔥🔥🔥🔥🔥🔥🔥🔥🔥🔥🔥🔥🔥🔥🔥🔥🔥🔥🔥
2025-10-01 19:33:10,123 - __main__ - INFO - 📊 ULTIMATE RESULTS:
2025-10-01 19:33:10,123 - __main__ - INFO -    🎯 Total Discovered: 68
2025-10-01 19:33:10,123 - __main__ - INFO -    ✅ Total Verified: 17
2025-10-01 19:33:10,123 - __main__ - INFO -    📈 Verification Rate: 25.0%
2025-10-01 19:33:10,123 - __main__ - INFO -    ⚠️ High: 16
2025-10-01 19:33:10,123 - __main__ - INFO -    📊 Medium: 1
2025-10-01 19:33:10,123 - __main__ - INFO -    🎯 Success Rate: 25.0%
2025-10-01 19:33:10,123 - __main__ - INFO -    ✅ Criteria Passed: 2/8
2025-10-01 19:33:10,123 - __main__ - WARNING - ⚠️ PARTIAL SUCCESS - ROOM FOR IMPROVEMENT
2025-10-01 19:33:10,123 - __main__ - INFO - 🔥🔥🔥🔥🔥🔥🔥🔥🔥🔥🔥🔥🔥🔥🔥🔥🔥🔥🔥🔥🔥🔥🔥🔥🔥🔥🔥🔥🔥🔥🔥🔥🔥🔥🔥🔥🔥🔥🔥🔥🔥🔥🔥🔥🔥🔥🔥🔥🔥🔥🔥🔥🔥🔥🔥🔥🔥🔥🔥🔥
2025-10-01 19:33:10,144 - asyncio - ERROR - Unclosed client session
client_session: <aiohttp.client.ClientSession object at 0x748dc57a6780>
2025-10-01 19:33:10,144 - asyncio - ERROR - Unclosed client session
client_session: <aiohttp.client.ClientSession object at 0x748dc3916540>
